timestamp,TimeUS,I,Status,GMS,GWk,NSats,HDop,Lat,Lng,Alt,Spd,GCrs,VZ,Yaw,U
1681941452.14088678,10604601,0,1,0,0,0,100.0,0.0,0.0,0.0,0.0,0.0,0.0,0.0,1
1681941452.34092784,10804642,0,1,0,0,0,100.0,0.0,0.0,0.0,0.0,0.0,0.0,0.0,1
1681941452.54083776,11004552,0,1,0,0,0,100.0,0.0,0.0,0.0,0.0,0.0,0.0,0.0,1
1681941452.74092698,11204641,0,1,0,0,0,100.0,0.0,0.0,0.0,0.0,0.0,0.0,0.0,1
1681941452.94091582,11404630,0,1,0,0,0,100.0,0.0,0.0,0.0,0.0,0.0,0.0,0.0,1
1681941453.14105678,11604771,0,1,0,0,0,100.0,0.0,0.0,0.0,0.0,0.0,0.0,0.0,1
1681941453.34098291,11804697,0,1,0,0,0,100.0,0.0,0.0,0.0,0.0,0.0,0.0,0.0,1
1681941453.54103684,12004751,0,1,0,0,0,100.0,0.0,0.0,0.0,0.0,0.0,0.0,0.0,1
1681941453.74106693,12204781,0,1,0,0,0,100.0,0.0,0.0,0.0,0.0,0.0,0.0,0.0,1
1681941453.94105887,12404773,0,1,0,0,0,100.0,0.0,0.0,0.0,0.0,0.0,0.0,0.0,1
1681941454.14100385,12604718,0,1,0,0,0,100.0,0.0,0.0,0.0,0.0,0.0,0.0,0.0,1
1681941454.34098482,12804699,0,1,0,0,0,100.0,0.0,0.0,0.0,0.0,0.0,0.0,0.0,1
1681941454.54131579,13005030,0,1,0,0,0,100.0,0.0,0.0,0.0,0.0,0.0,0.0,0.0,1
1681941454.74110198,13204816,0,1,0,0,0,100.0,0.0,0.0,0.0,0.0,0.0,0.0,0.0,1
1681941454.94109178,13404806,0,1,0,0,0,100.0,0.0,0.0,0.0,0.0,0.0,0.0,0.0,1
1681941455.14103889,13604753,0,1,0,0,0,100.0,0.0,0.0,0.0,0.0,0.0,0.0,0.0,1
1681941455.34129190,13805006,0,1,0,0,0,100.0,0.0,0.0,0.0,0.0,0.0,0.0,0.0,1
1681941455.54111290,14004827,0,1,0,0,0,100.0,0.0,0.0,0.0,0.0,0.0,0.0,0.0,1
1681941455.74113584,14204850,0,1,0,0,0,100.0,0.0,0.0,0.0,0.0,0.0,0.0,0.0,1
1681941455.94136190,14405076,0,1,0,0,0,100.0,0.0,0.0,0.0,0.0,0.0,0.0,0.0,1
1681941456.14096594,14604680,0,1,0,0,0,100.0,0.0,0.0,0.0,0.0,0.0,0.0,0.0,1
1681941456.34108186,14804796,0,1,0,0,0,100.0,0.0,0.0,0.0,0.0,0.0,0.0,0.0,1
1681941456.54110694,15004821,0,1,0,0,0,100.0,0.0,0.0,0.0,0.0,0.0,0.0,0.0,1
1681941456.74109793,15204812,0,1,0,0,0,100.0,0.0,0.0,0.0,0.0,0.0,0.0,0.0,1
1681941456.94130778,15405022,0,1,0,0,0,100.0,0.0,0.0,0.0,0.0,0.0,0.0,0.0,1
1681941457.14127898,15604993,0,1,0,0,0,100.0,0.0,0.0,0.0,0.0,0.0,0.0,0.0,1
1681941457.34111881,15804833,0,1,0,0,0,100.0,0.0,0.0,0.0,0.0,0.0,0.0,0.0,1
1681941457.54113889,16004853,0,1,0,0,0,100.0,0.0,0.0,0.0,0.0,0.0,0.0,0.0,1
1681941457.74135685,16205071,0,1,0,0,0,100.0,0.0,0.0,0.0,0.0,0.0,0.0,0.0,1
1681941457.94098687,16404701,0,1,0,0,0,100.0,0.0,0.0,0.0,0.0,0.0,0.0,0.0,1
1681941458.14107299,16604787,0,1,0,0,0,100.0,0.0,0.0,0.0,0.0,0.0,0.0,0.0,1
1681941458.34140086,16805115,0,1,0,0,0,100.0,0.0,0.0,0.0,0.0,0.0,0.0,0.0,1
1681941458.54109383,17004808,0,1,0,0,0,100.0,0.0,0.0,0.0,0.0,0.0,0.0,0.0,1
1681941458.74098396,17204698,0,1,0,0,0,100.0,0.0,0.0,0.0,0.0,0.0,0.0,0.0,1
1681941458.94107699,17404791,0,1,0,0,0,100.0,0.0,0.0,0.0,0.0,0.0,0.0,0.0,1
1681941459.14131689,17605031,0,1,0,0,0,100.0,0.0,0.0,0.0,0.0,0.0,0.0,0.0,1
1681941459.34112477,17804839,0,1,0,0,0,100.0,0.0,0.0,0.0,0.0,0.0,0.0,0.0,1
1681941459.54127097,18004985,0,1,0,0,0,100.0,0.0,0.0,0.0,0.0,0.0,0.0,0.0,1
1681941459.74118185,18204896,0,1,0,0,0,100.0,0.0,0.0,0.0,0.0,0.0,0.0,0.0,1
1681941459.94148898,18405203,0,1,0,0,0,100.0,0.0,0.0,0.0,0.0,0.0,0.0,0.0,1
1681941460.14133978,18605054,0,1,0,0,0,100.0,0.0,0.0,0.0,0.0,0.0,0.0,0.0,1
1681941460.34108996,18804804,0,1,0,0,0,100.0,0.0,0.0,0.0,0.0,0.0,0.0,0.0,1
1681941460.54131389,19005028,0,1,0,0,0,100.0,0.0,0.0,0.0,0.0,0.0,0.0,0.0,1
1681941460.74127197,19204986,0,1,0,0,0,100.0,0.0,0.0,0.0,0.0,0.0,0.0,0.0,1
1681941460.94131184,19405026,0,1,0,0,0,100.0,0.0,0.0,0.0,0.0,0.0,0.0,0.0,1
1681941461.14140797,19605122,0,1,0,0,0,100.0,0.0,0.0,0.0,0.0,0.0,0.0,0.0,1
1681941461.34162283,19805337,0,1,0,0,0,100.0,0.0,0.0,0.0,0.0,0.0,0.0,0.0,1
1681941461.54097486,20004689,0,1,0,0,0,100.0,0.0,0.0,0.0,0.0,0.0,0.0,0.0,1
1681941461.74106598,20204780,0,1,0,0,0,100.0,0.0,0.0,0.0,0.0,0.0,0.0,0.0,1
1681941461.94111681,20404831,0,1,0,0,0,100.0,0.0,0.0,0.0,0.0,0.0,0.0,0.0,1
1681941462.14110589,20604820,0,1,0,0,0,100.0,0.0,0.0,0.0,0.0,0.0,0.0,0.0,1
1681941462.34100795,20804722,0,1,0,0,0,100.0,0.0,0.0,0.0,0.0,0.0,0.0,0.0,1
1681941462.54106188,21004776,0,1,0,0,0,100.0,0.0,0.0,0.0,0.0,0.0,0.0,0.0,1
1681941462.74109387,21204808,0,1,0,0,0,100.0,0.0,0.0,0.0,0.0,0.0,0.0,0.0,1
1681941462.94140482,21405119,0,1,0,0,0,100.0,0.0,0.0,0.0,0.0,0.0,0.0,0.0,1
1681941463.14102197,21604736,0,1,0,0,0,100.0,0.0,0.0,0.0,0.0,0.0,0.0,0.0,1
1681941463.34097481,21804689,0,1,0,0,0,100.0,0.0,0.0,0.0,0.0,0.0,0.0,0.0,1
1681941463.54108882,22004803,0,1,0,0,0,100.0,0.0,0.0,0.0,0.0,0.0,0.0,0.0,1
1681941463.74111295,22204827,0,1,0,0,0,100.0,0.0,0.0,0.0,0.0,0.0,0.0,0.0,1
1681941463.94111395,22404828,0,1,0,0,0,100.0,0.0,0.0,0.0,0.0,0.0,0.0,0.0,1
1681941464.14098883,22604703,0,1,0,0,0,100.0,0.0,0.0,0.0,0.0,0.0,0.0,0.0,1
1681941464.34107089,22804785,0,1,0,0,0,100.0,0.0,0.0,0.0,0.0,0.0,0.0,0.0,1
1681941464.54131079,23005025,0,1,0,0,0,100.0,0.0,0.0,0.0,0.0,0.0,0.0,0.0,1
1681941464.74113178,23204846,0,1,0,0,0,100.0,0.0,0.0,0.0,0.0,0.0,0.0,0.0,1
1681941464.94099998,23404714,0,1,0,0,0,100.0,0.0,0.0,0.0,0.0,0.0,0.0,0.0,1
1681941465.14119887,23604913,0,1,0,0,0,100.0,0.0,0.0,0.0,0.0,0.0,0.0,0.0,1
1681941465.34128380,23804998,0,1,0,0,0,100.0,0.0,0.0,0.0,0.0,0.0,0.0,0.0,1
1681941465.54110098,24004815,0,1,0,0,0,100.0,0.0,0.0,0.0,0.0,0.0,0.0,0.0,1
1681941465.74133682,24205051,0,1,0,0,0,100.0,0.0,0.0,0.0,0.0,0.0,0.0,0.0,1
1681941465.94123578,24404950,0,1,0,0,0,100.0,0.0,0.0,0.0,0.0,0.0,0.0,0.0,1
1681941466.14125180,24604966,0,1,0,0,0,100.0,0.0,0.0,0.0,0.0,0.0,0.0,0.0,1
1681941466.34107780,24804792,0,1,0,0,0,100.0,0.0,0.0,0.0,0.0,0.0,0.0,0.0,1
1681941466.54114699,25004861,0,1,0,0,0,100.0,0.0,0.0,0.0,0.0,0.0,0.0,0.0,1
1681941466.74099493,25204709,0,1,0,0,0,100.0,0.0,0.0,0.0,0.0,0.0,0.0,0.0,1
1681941466.94096780,25404682,0,1,0,0,0,100.0,0.0,0.0,0.0,0.0,0.0,0.0,0.0,1
1681941467.14128184,25604996,0,1,0,0,0,100.0,0.0,0.0,0.0,0.0,0.0,0.0,0.0,1
1681941467.34134388,25805058,0,1,0,0,0,100.0,0.0,0.0,0.0,0.0,0.0,0.0,0.0,1
1681941467.54136586,26005080,0,1,0,0,0,100.0,0.0,0.0,0.0,0.0,0.0,0.0,0.0,1
1681941467.74129581,26205010,0,1,0,0,0,100.0,0.0,0.0,0.0,0.0,0.0,0.0,0.0,1
1681941468.00099993,26464714,0,3,338286001,2258,5,100.0,42.7247669,-84.48077599999999,278.8,0.03178049996495247,282.724365234375,-0.020000001415610313,0.0,1
1681941468.16132998,26625044,0,3,338286200,2258,5,3.46,42.7247747,-84.48078439999999,276.7,0.024698181077837944,248.62939453125,-0.06200000271201134,0.0,1
1681941468.36155581,26825270,0,3,338286400,2258,5,3.46,42.7247749,-84.4807835,276.35,0.03590264543890953,257.125,-0.018000001087784767,0.0,1
1681941468.56099892,27024713,0,3,338286600,2258,5,3.46,42.724775099999995,-84.48078269999999,276.0,0.04429446905851364,28.300756454467773,0.08100000023841858,0.0,1
1681941468.76107693,27224791,0,3,338286800,2258,5,3.46,42.724775,-84.4807826,275.89,0.09513149410486221,93.01277923583984,0.11900000274181366,0.0,1
1681941468.96110582,27424820,0,3,338287000,2258,5,3.46,42.7247748,-84.4807822,275.85,0.07261542975902557,67.3194351196289,0.10000000149011612,0.0,1
1681941469.16138792,27625102,0,3,338287200,2258,5,3.46,42.7247749,-84.4807819,275.68,0.1122942641377449,76.08749389648438,0.2240000069141388,0.0,1
1681941469.36098289,27824697,0,3,338287400,2258,5,3.46,42.7247749,-84.4807823,275.68,0.061522357165813446,45.65854263305664,0.19600000977516174,0.0,1
1681941469.56127882,28024993,0,3,338287600,2258,5,3.46,42.724775,-84.4807829,275.71,0.11583177745342255,63.87737274169922,0.27400001883506775,0.0,1
1681941469.76129198,28225006,0,3,338287800,2258,5,3.46,42.7247749,-84.48078319999999,275.75,0.14885228872299194,78.76555633544922,0.2850000262260437,0.0,1
1681941469.96135187,28425066,0,3,338288000,2258,5,3.46,42.7247747,-84.4807829,275.7,0.180269256234169,77.50566101074219,0.38700002431869507,0.0,1
1681941470.16131377,28625028,0,3,338288200,2258,5,3.46,42.724774599999996,-84.4807823,275.66,0.15563097596168518,84.83889770507812,0.29100000858306885,0.0,1
1681941470.36145282,28825167,0,3,338288400,2258,5,3.46,42.724774499999995,-84.4807814,275.56,0.20717144012451172,83.90413665771484,0.3700000047683716,0.0,1
1681941470.56131077,29025025,0,3,338288600,2258,5,3.46,42.7247744,-84.4807806,275.46,0.14176036417484283,73.6104507446289,0.33400002121925354,0.0,1
1681941470.76134396,29225058,0,3,338288800,2258,5,3.46,42.7247743,-84.4807799,275.36,0.18962332606315613,63.02955627441406,0.3440000116825104,0.0,1
1681941470.96141386,29425128,0,3,338289000,2258,5,3.46,42.7247741,-84.48077959999999,275.32,0.18360011279582977,75.8123779296875,0.4880000352859497,0.0,1
1681941471.16164994,29625364,0,3,338289200,2258,5,3.46,42.724774,-84.4807793,275.28000000000003,0.17348776757717133,74.28142547607422,0.4140000343322754,0.0,1
1681941471.36127186,29824986,0,3,338289400,2258,5,3.46,42.7247737,-84.48077909999999,275.27,0.13958868384361267,61.78264236450195,0.4280000329017639,0.0,1
1681941471.56109190,30024806,0,3,338289600,2258,5,3.46,42.7247737,-84.4807787,275.24,0.24007707834243774,70.2819595336914,0.5180000066757202,0.0,1
1681941471.76112294,30224837,0,3,338289800,2258,5,3.46,42.7247737,-84.4807783,275.19,0.2013082206249237,67.51148986816406,0.46300002932548523,0.0,1
1681941471.96130896,30425023,0,3,338290000,2258,5,3.46,42.7247737,-84.48077789999999,275.19,0.241306871175766,72.3910140991211,0.45500001311302185,0.0,1
1681941472.16095877,30624673,0,3,338290200,2258,5,3.46,42.724773899999995,-84.48077719999999,275.13,0.2440922111272812,74.31254577636719,0.46400001645088196,0.0,1
1681941472.36106896,30824783,0,3,338290400,2258,5,3.46,42.724773899999995,-84.4807768,275.13,0.21446211636066437,72.91690826416016,0.4830000102519989,0.0,1
1681941472.56109595,31024810,0,3,338290600,2258,5,3.46,42.724774,-84.4807763,275.13,0.1969568431377411,80.0594253540039,0.4140000343322754,0.0,1
1681941472.76109886,31224813,0,3,338290800,2258,5,3.46,42.7247741,-84.4807755,275.07,0.2757571339607239,71.17081451416016,0.5,0.0,1
1681941472.96097779,31424692,0,3,338291000,2258,5,3.46,42.7247743,-84.4807743,274.97,0.21946299076080322,71.39993286132812,0.45900002121925354,0.0,1
1681941473.16106296,31624777,0,3,338291200,2258,5,3.46,42.7247743,-84.4807732,274.87,0.2934706509113312,76.20050811767578,0.5600000023841858,0.0,1
1681941473.36108494,31824799,0,3,338291400,2258,5,3.46,42.7247744,-84.4807723,274.83,0.29486438632011414,82.00729370117188,0.5710000395774841,0.0,1
1681941473.56112599,32024840,0,3,338291600,2258,5,3.46,42.724774499999995,-84.4807714,274.77,0.19308030605316162,76.82743835449219,0.492000013589859,0.0,1
1681941473.76130486,32225019,0,3,338291800,2258,5,3.46,42.7247749,-84.4807703,274.64,0.30627113580703735,51.89530563354492,0.5370000004768372,0.0,1
1681941473.96096778,32424682,0,3,338292000,2258,5,3.46,42.724775199999996,-84.48076929999999,274.56,0.2841848134994507,59.55489730834961,0.44200003147125244,0.0,1
1681941474.16106296,32624777,0,3,338292200,2258,5,3.46,42.7247755,-84.4807682,274.45,0.2325940877199173,62.3332405090332,0.5640000104904175,0.0,1
1681941474.36109686,32824811,0,3,338292400,2258,5,3.46,42.7247755,-84.4807676,274.42,0.28208687901496887,88.57805633544922,0.4390000104904175,0.0,1
1681941474.56108093,33024795,0,3,338292600,2258,5,3.46,42.7247756,-84.48076619999999,274.28000000000003,0.24221067130565643,57.819091796875,0.4960000216960907,0.0,1
1681941474.76098180,33224696,0,3,338292800,2258,5,3.46,42.724775699999995,-84.4807651,274.18,0.24906425178050995,84.70143127441406,0.5830000042915344,0.0,1
1681941474.96103787,33424752,0,3,338293000,2258,5,3.46,42.724775799999996,-84.48076379999999,274.04,0.21784858405590057,64.7288818359375,0.4960000216960907,0.0,1
1681941475.14106488,33604779,0,3,338293200,2258,5,3.46,42.724776,-84.4807624,273.91,0.26664772629737854,70.2739028930664,0.5760000348091125,0.0,1
1681941475.36131477,33825029,0,3,338293400,2258,5,3.46,42.7247761,-84.480761,273.79,0.26024797558784485,75.53657531738281,0.5020000338554382,0.0,1
1681941475.56123281,34024947,0,3,338293600,2258,5,3.46,42.724776299999995,-84.4807597,273.67,0.2909931540489197,68.63734436035156,0.5760000348091125,0.0,1
1681941475.76111579,34224830,0,3,338293800,2258,5,3.46,42.724776299999995,-84.4807584,273.6,0.2525094151496887,75.08319091796875,0.5260000228881836,0.0,1
1681941475.96121478,34424929,0,3,338294000,2258,5,3.46,42.724776399999996,-84.4807573,273.52,0.2542321979999542,67.5708236694336,0.5590000152587891,0.0,1
1681941476.16129088,34625005,0,3,338294200,2258,5,3.46,42.724776399999996,-84.4807565,273.49,0.2533969283103943,79.31089782714844,0.5200000405311584,0.0,1
1681941476.36132979,34825044,0,3,338294400,2258,5,3.46,42.724776299999995,-84.48075539999999,273.45,0.21555742621421814,79.57627868652344,0.5270000100135803,0.0,1
1681941476.56116581,35024880,0,3,338294600,2258,5,3.46,42.724776399999996,-84.48075449999999,273.42,0.24936921894550323,77.02259826660156,0.49000000953674316,0.0,1
1681941476.76124477,35224959,0,3,338294800,2258,5,3.46,42.7247765,-84.4807532,273.33,0.18094199895858765,76.57816314697266,0.4660000205039978,0.0,1
1681941476.96157694,35425291,0,3,338295000,2258,5,3.46,42.7247765,-84.4807519,273.25,0.24839486181735992,76.9708023071289,0.42500001192092896,0.0,1
1681941477.16152096,35625235,0,3,338295200,2258,5,3.46,42.7247767,-84.4807502,273.12,0.29215407371520996,65.1015853881836,0.3620000183582306,0.0,1
1681941477.36098981,35824704,0,3,338295400,2258,5,3.46,42.7247766,-84.4807491,273.06,0.11064358055591583,80.11200714111328,0.3960000276565552,0.0,1
1681941477.56096292,36024677,0,3,338295600,2258,5,3.46,42.7247765,-84.48074749999999,272.92,0.17691807448863983,84.1604995727539,0.40700000524520874,0.0,1
1681941477.76128483,36224999,0,3,338295800,2258,5,3.46,42.7247766,-84.4807453,272.67,0.3386000692844391,73.70594787597656,0.33000001311302185,0.0,1
1681941477.96109486,36424809,0,3,338296000,2258,5,3.46,42.7247766,-84.4807438,272.54,0.13591541349887848,78.11133575439453,0.47600001096725464,0.0,1
1681941478.16139197,36625106,0,3,338296200,2258,5,3.46,42.7247767,-84.4807423,272.35,0.18266089260578156,66.10121154785156,0.3960000276565552,0.0,1
1681941478.36128092,36824995,0,3,338296400,2258,5,3.46,42.7247767,-84.4807414,272.29,0.27613404393196106,78.9342269897461,0.39100003242492676,0.0,1
1681941478.56156778,37025282,0,3,338296600,2258,5,3.46,42.7247768,-84.48074009999999,272.15,0.197881281375885,78.6332778930664,0.3890000283718109,0.0,1
1681941478.76130891,37225023,0,3,338296800,2258,5,3.46,42.724776899999995,-84.4807386,271.98,0.2092892825603485,93.01277923583984,0.4100000262260437,0.0,1
1681941478.96134877,37425063,0,3,338297000,2258,5,3.46,42.7247768,-84.48073769999999,271.89,0.09479451924562454,133.29017639160156,0.3830000162124634,0.0,1
1681941479.16129684,37625011,0,3,338297200,2258,5,3.46,42.7247768,-84.4807366,271.76,0.15337862074375153,55.89550018310547,0.2710000276565552,0.0,1
1681941479.36146283,37825177,0,3,338297400,2258,5,3.46,42.724776999999996,-84.48073529999999,271.62,0.19262658059597015,66.7623519897461,0.4690000116825104,0.0,1
1681941479.56128883,38025003,0,3,338297600,2258,5,3.46,42.7247771,-84.4807343,271.51,0.21149232983589172,75.76663208007812,0.46800002455711365,0.0,1
1681941479.76133180,38225046,0,3,338297800,2258,5,3.46,42.7247771,-84.4807333,271.42,0.22884930670261383,80.94927215576172,0.4880000352859497,0.0,1
1681941479.96135998,38425074,0,3,338298000,2258,5,3.46,42.724776999999996,-84.4807324,271.34000000000003,0.2441679835319519,72.6039810180664,0.5180000066757202,0.0,1
1681941480.16160393,38625318,0,3,338298200,2258,5,3.46,42.724776999999996,-84.4807314,271.24,0.21868014335632324,73.80267333984375,0.47200003266334534,0.0,1
1681941480.36127782,38824992,0,3,338298400,2258,5,3.46,42.724776899999995,-84.4807309,271.2,0.2891089916229248,75.5792236328125,0.609000027179718,0.0,1
1681941480.56108594,39024800,0,3,338298600,2258,5,3.46,42.7247768,-84.48073029999999,271.12,0.26299241185188293,78.8182373046875,0.6110000014305115,0.0,1
1681941480.76112199,39224836,0,3,338298800,2258,5,3.46,42.7247767,-84.4807297,271.04,0.30078065395355225,72.58915710449219,0.7210000157356262,0.0,1
1681941480.96130395,39425018,0,3,338299000,2258,5,3.46,42.7247767,-84.480729,270.96,0.35260462760925293,74.03227996826172,0.6580000519752502,0.0,1
1681941481.16098189,39624696,0,3,338299200,2258,6,2.67,42.724776299999995,-84.480729,271.11,0.38417837023735046,76.14460754394531,0.6930000185966492,0.0,1
1681941481.36105585,39824770,0,3,338299400,2258,6,2.67,42.7247759,-84.4807288,271.21,0.3412477374076843,75.92303466796875,0.6630000472068787,0.0,1
1681941481.56109285,40024807,0,3,338299600,2258,6,2.67,42.7247754,-84.4807287,271.33,0.35603371262550354,83.87306213378906,0.656000018119812,0.0,1
1681941481.76108694,40224801,0,3,338299800,2258,6,2.67,42.724775,-84.4807285,271.43,0.3049606680870056,78.65321350097656,0.675000011920929,0.0,1
1681941481.96097589,40424690,0,3,338300000,2258,6,2.67,42.724774599999996,-84.48072839999999,271.51,0.2596324384212494,72.05354309082031,0.581000030040741,0.0,1
1681941482.16106582,40624780,0,3,338300200,2258,6,2.67,42.7247743,-84.4807283,271.59000000000003,0.2851596176624298,79.08411407470703,0.6530000567436218,0.0,1
1681941482.36107492,40824789,0,3,338300400,2258,6,2.67,42.724773899999995,-84.48072839999999,271.67,0.2617250680923462,80.32173919677734,0.5180000066757202,0.0,1
1681941482.56133294,41025047,0,3,338300600,2258,6,2.67,42.7247735,-84.4807282,271.74,0.26122212409973145,76.4957275390625,0.5640000104904175,0.0,1
1681941482.76100183,41224716,0,3,338300800,2258,6,2.67,42.7247731,-84.4807278,271.77,0.16530275344848633,86.5317611694336,0.4000000059604645,0.0,1
1681941482.96097088,41424685,0,3,338301000,2258,6,2.67,42.724772699999995,-84.4807276,271.81,0.22673553228378296,82.90631866455078,0.42900002002716064,0.0,1
1681941483.16105390,41624768,0,3,338301200,2258,6,2.67,42.7247724,-84.48072719999999,271.85,0.21920309960842133,81.8698959350586,0.3540000021457672,0.0,1
1681941483.36108494,41824799,0,3,338301400,2258,6,2.67,42.724772099999996,-84.4807268,271.87,0.19768662750720978,78.91741943359375,0.3580000102519989,0.0,1
1681941483.56109190,42024806,0,3,338301600,2258,6,2.67,42.7247717,-84.4807263,271.9,0.1708361953496933,77.83496856689453,0.3190000057220459,0.0,1
1681941483.76099777,42224712,0,3,338301800,2258,6,2.67,42.7247713,-84.4807259,271.91,0.13970327377319336,84.24859619140625,0.34300002455711365,0.0,1
1681941483.96127486,42424989,0,3,338302000,2258,6,2.67,42.724770899999996,-84.4807258,271.98,0.17364907264709473,85.04454803466797,0.33100003004074097,0.0,1
1681941484.16126394,42624978,0,3,338302200,2258,6,2.67,42.7247705,-84.4807257,272.06,0.13823531568050385,70.12312316894531,0.2850000262260437,0.0,1
1681941484.36130095,42825015,0,3,338302400,2258,6,2.67,42.7247701,-84.4807256,272.14,0.1273459941148758,76.83676147460938,0.25699999928474426,0.0,1
1681941484.56124377,43024958,0,3,338302600,2258,6,2.67,42.724769599999995,-84.4807258,272.26,0.11871394515037537,83.71310424804688,0.23800000548362732,0.0,1
1681941484.76141977,43225134,0,3,338302800,2258,6,2.67,42.7247692,-84.4807261,272.38,0.09042676538228989,79.8084945678711,0.29500001668930054,0.0,1
1681941484.96126986,43424984,0,3,338303000,2258,6,2.67,42.7247688,-84.4807264,272.49,0.1161809042096138,76.56180572509766,0.26200002431869507,0.0,1
1681941485.16127777,43624992,0,3,338303200,2258,6,2.67,42.724768399999995,-84.4807264,272.56,0.11501739174127579,89.00364685058594,0.21800000965595245,0.0,1
1681941485.36142683,43825141,0,3,338303400,2258,6,2.67,42.7247681,-84.4807265,272.65,0.07543209195137024,75.41107940673828,0.23800000548362732,0.0,1
1681941485.56151581,44025230,0,3,338303600,2258,6,2.67,42.7247677,-84.4807266,272.73,0.05508176237344742,86.87786102294922,0.11900000274181366,0.0,1
1681941485.76124787,44224962,0,3,338303800,2258,6,2.67,42.7247675,-84.4807265,272.78000000000003,0.07800641655921936,53.86461639404297,0.22100001573562622,0.0,1
1681941485.96126795,44424982,0,3,338304000,2258,6,2.67,42.724767299999996,-84.4807265,272.83,0.05597321316599846,71.24134063720703,0.26900002360343933,0.0,1
1681941486.16151476,44625229,0,3,338304200,2258,6,2.67,42.724767,-84.48072669999999,272.91,0.10532332211732864,77.94322967529297,0.18000000715255737,0.0,1
1681941486.36122799,44824942,0,3,338304400,2258,6,2.67,42.7247668,-84.4807268,272.97,0.1350037008523941,67.80453491210938,0.2880000174045563,0.0,1
1681941486.56111789,45024832,0,3,338304600,2258,6,2.67,42.724766699999996,-84.4807265,272.98,0.13503333926200867,88.72696685791016,0.21400001645088196,0.0,1
1681941486.76146698,45225181,0,3,338304800,2258,6,2.67,42.7247665,-84.4807263,273.0,0.07580237835645676,81.6561050415039,0.2330000102519989,0.0,1
1681941486.96127892,45424993,0,3,338305000,2258,6,2.67,42.7247663,-84.4807263,273.06,0.08013114333152771,60.87594223022461,0.17600001394748688,0.0,1
1681941487.16132283,45625037,0,3,338305200,2258,6,2.67,42.7247662,-84.48072619999999,273.1,0.09615092724561691,63.4349479675293,0.19300000369548798,0.0,1
1681941487.36116886,45824883,0,3,338305400,2258,6,2.67,42.7247661,-84.4807259,273.11,0.0925418883562088,83.79654693603516,0.1850000023841858,0.0,1
1681941487.56154990,46025264,0,3,338305600,2258,6,2.67,42.724765999999995,-84.4807259,273.16,0.06905070692300797,79.99201202392578,0.13700000941753387,0.0,1
1681941487.76126790,46224982,0,3,338305800,2258,6,2.67,42.7247658,-84.4807261,273.25,0.052172791212797165,102.17144775390625,0.07000000029802322,0.0,1
1681941487.96130681,46425021,0,3,338306000,2258,6,2.67,42.7247656,-84.48072619999999,273.33,0.0502493791282177,95.71058654785156,0.032999999821186066,0.0,1
1681941488.16154885,46625263,0,3,338306200,2258,6,2.67,42.724765399999995,-84.4807266,273.45,0.011661904864013195,300.9637451171875,0.03800000250339508,0.0,1
1681941488.36140895,46825123,0,3,338306400,2258,6,2.67,42.7247653,-84.4807269,273.54,0.04104875400662422,2.7927024364471436,0.03500000014901161,0.0,1
1681941488.56131077,47025025,0,3,338306600,2258,6,2.67,42.7247652,-84.4807273,273.65000000000003,0.051429565995931625,63.4349479675293,0.10500000417232513,0.0,1
1681941488.76133680,47225051,0,3,338306800,2258,6,2.67,42.724765,-84.4807275,273.74,0.14436066150665283,79.6241455078125,0.24700000882148743,0.0,1
1681941488.96134686,47425061,0,3,338307000,2258,6,2.67,42.724764799999996,-84.48072789999999,273.85,0.0971442312002182,69.51298522949219,0.28700000047683716,0.0,1
1681941489.18107581,47644790,0,3,338307200,2258,6,2.67,42.724764799999996,-84.4807282,273.91,0.16772598028182983,81.77327728271484,0.3230000138282776,0.0,1
1681941489.36125898,47824973,0,3,338307400,2258,6,2.67,42.7247646,-84.4807287,274.01,0.2021583616733551,87.73204040527344,0.3500000238418579,0.0,1
1681941489.56140184,48025116,0,3,338307600,2258,6,2.67,42.7247645,-84.48072909999999,274.11,0.21000954508781433,70.52970123291016,0.44200003147125244,0.0,1
1681941489.76157999,48225294,0,3,338307800,2258,6,2.67,42.7247644,-84.4807297,274.2,0.19043371081352234,79.10311126708984,0.46700000762939453,0.0,1
1681941489.96130586,48425020,0,3,338308000,2258,6,2.67,42.7247643,-84.4807302,274.29,0.23059271275997162,70.22917938232422,0.44700002670288086,0.0,1
1681941490.16118789,48624902,0,3,338308200,2258,6,2.67,42.724764199999996,-84.4807307,274.39,0.2563766837120056,75.31330871582031,0.5220000147819519,0.0,1
1681941490.36148286,48825197,0,3,338308400,2258,6,2.67,42.7247641,-84.4807312,274.48,0.19004473090171814,78.15792083740234,0.4320000112056732,0.0,1
1681941490.56130385,49025018,0,3,338308600,2258,6,2.67,42.7247639,-84.480732,274.63,0.21967248618602753,79.5085220336914,0.4220000207424164,0.0,1
1681941490.76140189,49225116,0,3,338308800,2258,6,2.67,42.7247638,-84.4807325,274.74,0.1828496754169464,73.15068817138672,0.44600000977516174,0.0,1
1681941490.96160579,49425320,0,3,338309000,2258,6,2.67,42.7247637,-84.4807331,274.86,0.22835499048233032,80.16642761230469,0.47200003266334534,0.0,1
1681941491.18107677,49644791,0,3,338308200,2258,9,2.16,42.724763499999995,-84.4807337,274.98,0.23509147763252258,80.69794464111328,0.48000001907348633,0.0,1
1681941491.36107492,49824789,0,3,338308400,2258,9,2.16,42.7247633,-84.4807343,275.12,0.20824025571346283,73.82783508300781,0.42100003361701965,0.0,1
1681941491.56112099,50024835,0,3,338308600,2258,9,2.16,42.7247632,-84.480735,275.27,0.211400106549263,86.47438049316406,0.3890000283718109,0.0,1
1681941491.76130986,50225024,0,3,338308800,2258,9,2.16,42.7247631,-84.4807354,275.40000000000003,0.21535320580005646,71.31265258789062,0.40700000524520874,0.0,1
1681941491.96096778,50424682,0,3,338309000,2258,9,2.16,42.724762999999996,-84.4807357,275.49,0.17929306626319885,77.43653106689453,0.3530000150203705,0.0,1
1681941492.16107798,50624792,0,3,338309200,2258,9,2.16,42.7247628,-84.4807361,275.6,0.19011840224266052,62.087059020996094,0.3890000283718109,0.0,1
1681941492.36132193,50825036,0,3,338309400,2258,9,2.16,42.7247627,-84.48073649999999,275.69,0.13283449411392212,80.46675872802734,0.32200002670288086,0.0,1
1681941492.56108499,51024799,0,3,338309600,2258,9,2.16,42.7247626,-84.4807368,275.74,0.1380036324262619,76.16514587402344,0.39400002360343933,0.0,1
1681941492.76117086,51224885,0,3,338309800,2258,9,2.16,42.7247626,-84.4807371,275.8,0.20544829964637756,76.77544403076172,0.41700002551078796,0.0,1
1681941492.96123695,51424951,0,3,338310000,2258,9,2.16,42.7247626,-84.4807372,275.85,0.203305184841156,83.50419616699219,0.3400000035762787,0.0,1
1681941493.20130992,51665024,0,3,338310200,2258,9,2.16,42.7247625,-84.48073749999999,275.92,0.15620499849319458,76.67546844482422,0.31800001859664917,0.0,1
1681941493.36130595,51825020,0,3,338310400,2258,9,2.16,42.7247625,-84.48073769999999,275.98,0.15572412312030792,79.267333984375,0.3460000157356262,0.0,1
1681941493.56126595,52024980,0,3,338310600,2258,9,2.16,42.724762399999996,-84.480738,276.06,0.1788463145494461,67.30619812011719,0.3110000193119049,0.0,1
1681941493.76149082,52225205,0,3,338310800,2258,9,2.16,42.724762399999996,-84.4807383,276.14,0.1319393813610077,75.96375274658203,0.2760000228881836,0.0,1
1681941493.96108794,52424802,0,3,338311000,2258,9,2.16,42.724762299999995,-84.4807386,276.23,0.12325988709926605,86.2786865234375,0.24400001764297485,0.0,1
1681941494.16109896,52624813,0,3,338311200,2258,9,2.16,42.7247622,-84.4807391,276.35,0.1247878223657608,83.55839538574219,0.2460000067949295,0.0,1
1681941494.36108780,52824802,0,3,338311400,2258,8,2.16,42.7247621,-84.48073959999999,276.47,0.08273451775312424,82.35958862304688,0.2630000114440918,0.0,1
1681941494.56097198,53024686,0,3,338311600,2258,8,2.16,42.7247619,-84.48074,276.58,0.12814055383205414,92.68376922607422,0.24000000953674316,0.0,1
1681941494.76107693,53224791,0,3,338311800,2258,8,2.16,42.724761799999996,-84.4807403,276.68,0.17006176710128784,74.65623474121094,0.3110000193119049,0.0,1
1681941494.96109486,53424809,0,3,338312000,2258,8,2.16,42.724761699999995,-84.4807407,276.8,0.1649242341518402,75.96375274658203,0.3160000145435333,0.0,1
1681941495.16139197,53625106,0,3,338312200,2258,8,2.24,42.724761699999995,-84.48074079999999,276.85,0.17623849213123322,80.85836029052734,0.29100000858306885,0.0,1
1681941495.36099696,53824711,0,3,338312400,2258,8,2.24,42.7247616,-84.4807411,276.95,0.13726617395877838,72.6210708618164,0.1860000044107437,0.0,1
1681941495.56096578,54024680,0,3,338312600,2258,8,2.24,42.7247615,-84.48074129999999,277.03000000000003,0.1259603202342987,73.86714935302734,0.18900001049041748,0.0,1
1681941495.76127195,54224986,0,3,338312800,2258,8,2.24,42.7247614,-84.4807417,277.14,0.13594484329223633,83.24092102050781,0.2590000033378601,0.0,1
1681941495.96109796,54424812,0,3,338313000,2258,8,2.24,42.724761199999996,-84.48074199999999,277.25,0.11840609461069107,74.32047271728516,0.24500000476837158,0.0,1
1681941496.16134977,54625064,0,3,338313200,2258,8,2.24,42.724761099999995,-84.4807424,277.36,0.07430344074964523,61.02029037475586,0.2070000171661377,0.0,1
1681941496.36117077,54824885,0,3,338313400,2258,8,2.24,42.724761,-84.4807428,277.46,0.13130880892276764,93.93016815185547,0.2600000202655792,0.0,1
1681941496.56154490,55025259,0,3,338313600,2258,8,2.24,42.7247609,-84.4807431,277.55,0.1291201114654541,73.810791015625,0.2930000126361847,0.0,1
1681941496.76125598,55224970,0,3,338313800,2258,8,2.24,42.7247608,-84.4807433,277.63,0.0868331789970398,82.0565185546875,0.20000000298023224,0.0,1
1681941496.96131277,55425027,0,3,338314000,2258,8,2.24,42.7247607,-84.4807436,277.74,0.17141762375831604,82.62622833251953,0.2850000262260437,0.0,1
1681941497.16154194,55625256,0,3,338314200,2258,8,2.24,42.7247607,-84.48074369999999,277.82,0.1164688915014267,66.73680877685547,0.2850000262260437,0.0,1
1681941497.36095881,55824673,0,3,338314400,2258,8,2.24,42.724760599999996,-84.48074369999999,277.89,0.13341665267944336,77.00537872314453,0.3060000240802765,0.0,1
1681941497.56107998,56024794,0,3,338314600,2258,8,2.24,42.724760499999995,-84.4807441,277.99,0.1292826384305954,75.21131896972656,0.3370000123977661,0.0,1
1681941497.76109982,56224814,0,3,338314800,2258,8,2.24,42.7247604,-84.48074419999999,278.08,0.1690710037946701,83.54753112792969,0.2930000126361847,0.0,1
1681941497.96109986,56424814,0,3,338315000,2258,8,2.24,42.7247604,-84.4807441,278.14,0.14360015094280243,64.86257934570312,0.2850000262260437,0.0,1
1681941498.16098380,56624698,0,3,338315200,2258,8,2.24,42.7247604,-84.48074419999999,278.19,0.12495200335979462,77.52091979980469,0.3230000138282776,0.0,1
1681941498.36126184,56824976,0,3,338315400,2258,7,2.24,42.7247603,-84.480744,278.21,0.12218838185071945,97.99746704101562,0.2750000059604645,0.0,1
1681941498.56108880,57024803,0,3,338315600,2258,7,2.24,42.7247603,-84.4807438,278.22,0.1405133455991745,85.10089874267578,0.2939999997615814,0.0,1
1681941498.76113176,57224846,0,3,338315800,2258,7,2.24,42.7247604,-84.48074369999999,278.25,0.15337862074375153,55.89550018310547,0.2580000162124634,0.0,1
1681941498.96131682,57425031,0,3,338316000,2258,8,2.24,42.724760499999995,-84.4807436,278.27,0.17344163358211517,80.37474822998047,0.3460000157356262,0.0,1
1681941499.18166876,57645383,0,3,338316200,2258,8,2.27,42.724760499999995,-84.4807434,278.29,0.17681913077831268,72.89726257324219,0.3330000042915344,0.0,1
1681941499.36102390,57824738,0,3,338316400,2258,8,2.27,42.724760499999995,-84.4807433,278.33,0.16140013933181763,69.31930541992188,0.30400002002716064,0.0,1
1681941499.56109476,58024809,0,3,338316600,2258,8,2.27,42.724760499999995,-84.4807435,278.39,0.2135813683271408,78.11133575439453,0.4410000145435333,0.0,1
1681941499.78098488,58244699,0,3,338316800,2258,8,2.27,42.7247604,-84.48074319999999,278.41,0.2599326968193054,85.14482879638672,0.4010000228881836,0.0,1
1681941499.98177981,58445494,0,3,338317000,2258,8,2.27,42.7247604,-84.4807433,278.51,0.2999233305454254,67.45360565185547,0.3140000104904175,0.0,1
1681941500.18107796,58644792,0,3,338317200,2258,8,2.27,42.7247604,-84.4807434,278.58,0.1392838954925537,74.16761016845703,0.39400002360343933,0.0,1
1681941500.38111591,58844830,0,3,338317400,2258,8,2.27,42.7247604,-84.48074319999999,278.57,0.20665189623832703,80.8111572265625,0.4880000352859497,0.0,1
1681941500.58100986,59044724,0,3,338317600,2258,8,2.27,42.7247604,-84.4807431,278.58,0.21670717000961304,68.0512924194336,0.3750000298023224,0.0,1
1681941500.78096795,59244682,0,3,338317800,2258,8,2.27,42.724760499999995,-84.4807427,278.58,0.2558124363422394,63.03428268432617,0.367000013589859,0.0,1
1681941500.98172593,59445440,0,3,338318000,2258,8,2.27,42.724760599999996,-84.4807422,278.53000000000003,0.20681394636631012,71.38983154296875,0.5370000004768372,0.0,1
1681941501.18107677,59644791,0,3,338318200,2258,8,2.27,42.7247604,-84.4807428,278.65000000000003,0.1754138022661209,99.5160140991211,0.45500001311302185,0.0,1
1681941501.38107586,59844790,0,3,338318400,2258,8,2.27,42.7247603,-84.4807427,278.67,0.22466197609901428,61.26741409301758,0.42900002002716064,0.0,1
1681941501.58098078,60044695,0,3,338318600,2258,8,2.27,42.7247602,-84.4807428,278.76,0.27676165103912354,81.899169921875,0.43400001525878906,0.0,1
1681941501.78106189,60244776,0,3,338318800,2258,8,2.27,42.7247601,-84.48074299999999,278.82,0.20763429999351501,69.12097930908203,0.4300000071525574,0.0,1
1681941501.98108387,60444798,0,3,338319000,2258,8,2.27,42.7247601,-84.4807431,278.89,0.25908300280570984,74.7836685180664,0.4310000240802765,0.0,1
1681941502.18112588,60644840,0,3,338319200,2258,8,2.27,42.7247601,-84.4807431,278.93,0.1948794573545456,69.89130401611328,0.4910000264644623,0.0,1
1681941502.36112881,60824843,0,3,338319400,2258,8,2.27,42.7247601,-84.48074319999999,278.97,0.21954499185085297,83.19867706298828,0.48000001907348633,0.0,1
1681941502.56099892,61024713,0,3,338319600,2258,8,2.27,42.7247601,-84.4807433,278.99,0.2915956377983093,72.43498229980469,0.49400001764297485,0.0,1
1681941502.78146482,61245179,0,3,338319800,2258,8,2.27,42.7247602,-84.4807433,279.01,0.25095418095588684,64.76241302490234,0.5110000371932983,0.0,1
1681941502.96126390,61424978,0,3,338320000,2258,8,2.27,42.7247602,-84.4807436,279.08,0.2323983907699585,78.83512115478516,0.5380000472068787,0.0,1
1681941503.18156481,61645279,0,3,338320200,2258,8,2.27,42.7247602,-84.4807439,279.15000000000003,0.31598100066185,80.89539337158203,0.5800000429153442,0.0,1
1681941503.38156486,61845279,0,3,338320400,2258,8,2.27,42.7247601,-84.4807439,279.21,0.2906888425350189,79.69514465332031,0.5060000419616699,0.0,1
1681941503.58157778,62045292,0,3,338320600,2258,8,2.27,42.7247601,-84.4807439,279.25,0.297134667634964,79.33295440673828,0.49500003457069397,0.0,1
1681941503.76102996,62224744,0,3,338320800,2258,8,2.27,42.7247601,-84.4807443,279.35,0.23555254936218262,83.41805267333984,0.6110000014305115,0.0,1
1681941503.98151088,62445225,0,3,338321000,2258,8,2.27,42.724759999999996,-84.4807446,279.43,0.27940115332603455,73.57573699951172,0.5080000162124634,0.0,1
1681941504.18186688,62645581,0,3,338321200,2258,8,2.27,42.724759999999996,-84.4807451,279.54,0.19964970648288727,79.02775573730469,0.534000039100647,0.0,1
1681941504.38096690,62844681,0,3,338321400,2258,8,2.27,42.724759899999995,-84.4807458,279.68,0.2969057261943817,80.69629669189453,0.581000030040741,0.0,1
1681941504.58107281,63044787,0,3,338321600,2258,8,2.27,42.724759899999995,-84.4807464,279.79,0.24690890312194824,76.41400909423828,0.48100003600120544,0.0,1
1681941504.78108883,63244803,0,3,338321800,2258,8,2.27,42.7247598,-84.4807471,279.93,0.2626195251941681,81.90074920654297,0.5090000033378601,0.0,1
1681941504.98107481,63444789,0,3,338322000,2258,8,2.27,42.7247598,-84.4807477,280.03000000000003,0.16377119719982147,79.44481658935547,0.42600002884864807,0.0,1
1681941505.18099380,63644708,0,3,338322200,2258,8,2.27,42.7247598,-84.4807483,280.1,0.16371013224124908,62.339256286621094,0.4790000319480896,0.0,1
1681941505.38154888,63845263,0,3,338322400,2258,8,2.27,42.724759999999996,-84.4807489,280.16,0.2278815656900406,69.1791000366211,0.40300002694129944,0.0,1
1681941505.58107185,64044786,0,3,338322600,2258,8,2.27,42.7247602,-84.4807495,280.22,0.2381134331226349,84.4570083618164,0.39100003242492676,0.0,1
1681941505.78112197,64244836,0,3,338322800,2258,8,2.27,42.7247603,-84.48075,280.26,0.189169242978096,92.42376708984375,0.3630000054836273,0.0,1
1681941505.98099184,64444706,0,3,338323000,2258,8,2.27,42.724760499999995,-84.4807502,280.27,0.2904961407184601,69.4439468383789,0.3050000071525574,0.0,1
1681941506.18143678,64645151,0,3,338323200,2258,8,2.27,42.724760599999996,-84.4807506,280.31,0.1528986692428589,132.34930419921875,0.3410000205039978,0.0,1
1681941506.38103199,64844746,0,3,338323400,2258,8,2.27,42.724760599999996,-84.4807507,280.29,0.19266551733016968,85.2363510131836,0.320000022649765,0.0,1
1681941506.58148789,65045202,0,3,338323600,2258,8,2.27,42.7247608,-84.48075089999999,280.29,0.10394229739904404,78.9062728881836,0.3060000240802765,0.0,1
1681941506.76132989,65225044,0,3,338323800,2258,8,2.27,42.724761,-84.4807512,280.28000000000003,0.17889942228794098,81.64342498779297,0.289000004529953,0.0,1
1681941506.96107578,65424790,0,3,338324000,2258,8,2.27,42.724761099999995,-84.4807514,280.26,0.0720277801156044,88.40885925292969,0.2540000081062317,0.0,1
1681941507.18201494,65645729,0,3,338324200,2258,8,2.27,42.724761199999996,-84.4807514,280.22,0.10261579602956772,74.744873046875,0.12800000607967377,0.0,1
1681941507.38146687,65845181,0,3,338324400,2258,8,2.27,42.7247614,-84.4807515,280.17,0.10004499554634094,88.2816390991211,0.2240000069141388,0.0,1
1681941507.58153176,66045246,0,3,338324600,2258,8,2.27,42.7247615,-84.48075159999999,280.14,0.10804629325866699,82.01988220214844,0.20400001108646393,0.0,1
1681941507.78188682,66245601,0,3,338324800,2258,8,2.27,42.7247616,-84.48075159999999,280.1,0.06400781124830246,89.10482025146484,0.16300000250339508,0.0,1
1681941507.98096180,66444676,0,3,338325000,2258,8,2.27,42.724761699999995,-84.4807517,280.04,0.1432654857635498,82.37892150878906,0.1850000023841858,0.0,1
1681941508.18108678,66644801,0,3,338325200,2258,8,2.27,42.724761799999996,-84.48075159999999,279.99,0.11140018701553345,78.08484649658203,0.19300000369548798,0.0,1
1681941508.38108897,66844803,0,3,338325400,2258,8,2.27,42.7247619,-84.4807519,279.97,0.025019992142915726,92.29060363769531,0.26100000739097595,0.0,1
1681941508.58108592,67044800,0,3,338325600,2258,8,2.27,42.724762,-84.48075229999999,280.02,0.09972462058067322,111.1612548828125,0.05400000140070915,0.0,1
1681941508.78097677,67244691,0,3,338325800,2258,8,2.27,42.7247621,-84.48075229999999,280.03000000000003,0.07203471660614014,103.6504135131836,0.07600000500679016,0.0,1
1681941508.98106384,67444778,0,3,338326000,2258,8,2.27,42.7247622,-84.48075229999999,280.01,0.04049691557884216,57.09475326538086,0.1810000091791153,0.0,1
1681941509.16158581,67625300,0,3,338326200,2258,8,2.27,42.724762299999995,-84.4807525,280.02,0.022360682487487793,206.56504821777344,0.058000002056360245,0.0,1
1681941509.38111997,67844834,0,3,338326400,2258,8,2.27,42.724762399999996,-84.4807527,280.03000000000003,0.02280350960791111,285.255126953125,0.13500000536441803,0.0,1
1681941509.58152580,68045240,0,3,338326600,2258,8,2.27,42.7247625,-84.48075299999999,280.06,0.11951988190412521,99.1470718383789,0.14900000393390656,0.0,1
1681941509.76158094,68225295,0,3,338326800,2258,8,2.27,42.7247625,-84.4807532,280.11,0.07802563905715942,91.46879577636719,0.06300000101327896,0.0,1
1681941509.98192382,68445638,0,3,338327000,2258,8,2.27,42.7247625,-84.48075349999999,280.17,0.09270383417606354,66.4767837524414,0.06100000441074371,0.0,1
1681941510.16107082,68624785,0,3,338327200,2258,8,2.27,42.7247625,-84.4807539,280.25,0.07100704312324524,90.80692291259766,0.12600000202655792,0.0,1
1681941510.38108182,68844796,0,3,338327400,2258,8,2.27,42.7247625,-84.4807543,280.35,0.04308132082223892,111.80139923095703,0.06200000271201134,0.0,1
1681941510.56109595,69024810,0,3,338327600,2258,8,2.27,42.7247627,-84.4807541,280.34000000000003,0.08099383115768433,57.09475326538086,0.12800000607967377,0.0,1
1681941510.78156090,69245275,0,3,338327800,2258,8,2.27,42.724762899999995,-84.4807539,280.3,0.035171013325452805,284.82647705078125,0.1210000067949295,0.0,1
1681941510.98158598,69445300,0,3,338328000,2258,8,2.27,42.724762999999996,-84.4807539,280.3,0.11910500377416611,87.59402465820312,0.0820000022649765,0.0,1
1681941511.18154287,69645257,0,3,338328200,2258,8,2.27,42.7247634,-84.4807537,280.26,0.10530432313680649,4.356975078582764,0.15900000929832458,0.0,1
1681941511.38157988,69845294,0,3,338328400,2258,8,2.27,42.724763599999996,-84.4807537,280.23,0.04570557922124863,169.9193878173828,0.21000000834465027,0.0,1
1681941511.58199096,70045705,0,3,338328600,2258,8,2.27,42.724763599999996,-84.4807536,280.21,0.16995587944984436,117.31888580322266,0.18700000643730164,0.0,1
1681941511.78106880,70244783,0,3,338328800,2258,8,2.27,42.7247637,-84.4807534,280.2,0.10090094804763794,70.30797576904297,0.14300000667572021,0.0,1
1681941511.98110294,70444817,0,3,338329000,2258,8,2.27,42.724764,-84.48075349999999,280.22,0.06543699651956558,51.20344543457031,0.12200000882148743,0.0,1
1681941512.18108988,70644804,0,3,338329200,2258,8,2.27,42.724764199999996,-84.48075349999999,280.23,0.13218547403812408,75.54324340820312,0.22700001299381256,0.0,1
1681941512.38162589,70845340,0,3,338329400,2258,8,2.27,42.7247644,-84.4807534,280.22,0.11887809634208679,77.36663818359375,0.1860000044107437,0.0,1
1681941512.58108497,71044799,0,3,338329600,2258,8,2.27,42.7247646,-84.4807536,280.26,0.11970797926187515,83.76551818847656,0.22600001096725464,0.0,1
1681941512.78108382,71244798,0,3,338329800,2258,8,2.27,42.724764799999996,-84.4807537,280.28000000000003,0.12701182067394257,63.83842849731445,0.289000004529953,0.0,1
1681941512.98158693,71445301,0,3,338330000,2258,8,2.27,42.7247651,-84.4807539,280.3,0.1155724972486496,80.53767395019531,0.3290000259876251,0.0,1
1681941513.18100190,71644716,0,3,338330200,2258,8,2.27,42.7247653,-84.4807538,280.29,0.19572685658931732,76.10575103759766,0.38100001215934753,0.0,1
1681941513.36163378,71825348,0,3,338330400,2258,8,2.27,42.7247655,-84.4807539,280.31,0.15554100275039673,77.7508773803711,0.4130000174045563,0.0,1
1681941513.58155298,72045267,0,3,338330600,2258,8,2.27,42.7247657,-84.4807539,280.3,0.18564753234386444,62.054588317871094,0.3660000264644623,0.0,1
1681941513.78155398,72245268,0,3,338330800,2258,8,2.27,42.724765999999995,-84.4807538,280.29,0.2295321375131607,81.4815673828125,0.3760000169277191,0.0,1
1681941513.96112490,72424839,0,3,338331000,2258,8,2.27,42.7247662,-84.48075349999999,280.26,0.23315446078777313,69.93290710449219,0.3920000195503235,0.0,1
1681941514.16109776,72624812,0,3,338331200,2258,8,2.27,42.7247664,-84.4807537,280.31,0.2560703158378601,88.6573715209961,0.4350000321865082,0.0,1
1681941514.36133885,72825053,0,3,338331400,2258,8,2.27,42.7247665,-84.4807537,280.32,0.2549999952316284,81.20258331298828,0.44200003147125244,0.0,1
1681941514.56108785,73024802,0,3,338331600,2258,8,2.27,42.724766599999995,-84.4807537,280.31,0.24694131314754486,81.14798736572266,0.49800002574920654,0.0,1
1681941514.76109886,73224813,0,3,338331800,2258,8,2.27,42.724766699999996,-84.4807538,280.31,0.2408422827720642,76.30994415283203,0.5190000534057617,0.0,1
1681941514.98100376,73444718,0,3,338332000,2258,8,2.27,42.7247668,-84.4807541,280.33,0.2814267575740814,78.72998809814453,0.5430000424385071,0.0,1
1681941515.18100286,73644717,0,3,338332200,2258,8,2.2600000000000002,42.7247669,-84.4807541,280.32,0.2688884437084198,68.39643096923828,0.5630000233650208,0.0,1
1681941515.38157678,73845291,0,3,338332400,2258,8,2.2600000000000002,42.7247671,-84.4807543,280.35,0.2893475592136383,76.2038803100586,0.6410000324249268,0.0,1
1681941515.58112288,74044837,0,3,338332600,2258,8,2.2600000000000002,42.724767199999995,-84.4807546,280.39,0.2469109296798706,78.55353546142578,0.5290000438690186,0.0,1
1681941515.78157091,74245285,0,3,338332800,2258,8,2.2600000000000002,42.724767199999995,-84.48075469999999,280.41,0.29560109972953796,81.04752349853516,0.5270000100135803,0.0,1
1681941515.96107697,74424791,0,3,338333000,2258,8,2.2600000000000002,42.7247674,-84.48075449999999,280.39,0.28886157274246216,69.7457504272461,0.5700000524520874,0.0,1
1681941516.16097999,74624694,0,3,338333200,2258,8,2.2600000000000002,42.7247676,-84.4807544,280.38,0.2825615406036377,73.55323791503906,0.5740000009536743,0.0,1
1681941516.36103892,74824753,0,3,338333400,2258,8,2.2600000000000002,42.724767799999995,-84.4807543,280.37,0.23914013803005219,75.96375274658203,0.5010000467300415,0.0,1
1681941516.56126881,75024983,0,3,338333600,2258,8,2.2600000000000002,42.724767899999996,-84.48075419999999,280.36,0.2236001044511795,70.67366790771484,0.4310000240802765,0.0,1
1681941516.76130080,75225015,0,3,338333800,2258,8,2.2600000000000002,42.7247681,-84.48075419999999,280.36,0.2498999983072281,73.01526641845703,0.4440000355243683,0.0,1
1681941516.96165085,75425365,0,3,338334000,2258,8,2.2600000000000002,42.7247682,-84.4807543,280.38,0.20171763002872467,80.5843734741211,0.47300001978874207,0.0,1
1681941517.18154693,75645261,0,3,338334200,2258,8,2.2600000000000002,42.7247683,-84.4807544,280.38,0.21780724823474884,82.61395263671875,0.44300001859664917,0.0,1
1681941517.36129498,75825009,0,3,338334400,2258,8,2.2600000000000002,42.724768399999995,-84.4807544,280.38,0.19743354618549347,76.5268325805664,0.42100003361701965,0.0,1
1681941517.56138492,76025099,0,3,338334600,2258,8,2.2600000000000002,42.724768499999996,-84.4807543,280.37,0.153525248169899,76.05426788330078,0.3160000145435333,0.0,1
1681941517.76142788,76225142,0,3,338334800,2258,8,2.2600000000000002,42.7247687,-84.4807541,280.35,0.14263591170310974,77.03548431396484,0.26900002360343933,0.0,1
1681941517.96130490,76425019,0,3,338335000,2258,8,2.2600000000000002,42.7247688,-84.48075399999999,280.36,0.17807021737098694,72.68436431884766,0.2930000126361847,0.0,1
1681941518.16134286,76625057,0,3,338335200,2258,8,2.2600000000000002,42.7247689,-84.4807538,280.34000000000003,0.1225765123963356,78.23170471191406,0.23500001430511475,0.0,1
1681941518.36131382,76825028,0,3,338335400,2258,8,2.2600000000000002,42.724768999999995,-84.4807538,280.33,0.12601983547210693,82.70580291748047,0.24500000476837158,0.0,1
1681941518.58098483,77044699,0,3,338335600,2258,8,2.2600000000000002,42.724769099999996,-84.4807537,280.34000000000003,0.17362605035305023,68.0147476196289,0.30000001192092896,0.0,1
1681941518.76099992,77224714,0,3,338335800,2258,8,2.2600000000000002,42.7247692,-84.4807538,280.35,0.10701870173215866,88.92916870117188,0.21700000762939453,0.0,1
1681941518.96097898,77424693,0,3,338336000,2258,8,2.2600000000000002,42.7247692,-84.4807539,280.36,0.1410319209098816,91.21886444091797,0.2720000147819519,0.0,1
1681941519.18150592,77645220,0,3,338336200,2258,10,1.29,42.724769099999996,-84.4807548,280.52,0.17157214879989624,85.31954956054688,0.23500001430511475,0.0,1
1681941519.38157177,77845286,0,3,338336400,2258,10,1.29,42.724768999999995,-84.4807558,280.68,0.09217917174100876,74.9084243774414,0.16500000655651093,0.0,1
1681941519.58148384,78045198,0,3,338336600,2258,10,1.29,42.724768999999995,-84.4807567,280.81,0.08676981925964355,62.54899597167969,0.125,0.0,1
1681941519.78199887,78245713,0,3,338336800,2258,10,1.29,42.724768999999995,-84.48075779999999,280.99,0.08324062079191208,51.34019470214844,0.1720000058412552,0.0,1
1681941519.98148489,78445199,0,3,338337000,2258,10,1.29,42.7247689,-84.4807586,281.1,0.07610519230365753,93.01277923583984,0.10200000554323196,0.0,1
1681941520.18182778,78645542,0,3,338337200,2258,10,1.29,42.7247689,-84.4807592,281.19,0.03931920602917671,82.6942367553711,0.13500000536441803,0.0,1
1681941520.38195395,78845668,0,3,338337400,2258,10,1.29,42.7247689,-84.4807598,281.26,0.06500769406557083,89.11859130859375,0.19100001454353333,0.0,1
1681941520.58097696,79044691,0,3,338337600,2258,10,1.29,42.7247689,-84.4807608,281.38,0.0353553369641304,81.8698959350586,0.05700000375509262,0.0,1
1681941520.78107595,79244790,0,3,338337800,2258,10,1.29,42.7247689,-84.4807615,281.44,0.03498571366071701,30.963756561279297,0.22500000894069672,0.0,1
1681941520.98112893,79444843,0,3,338338000,2258,10,1.29,42.7247689,-84.48076209999999,281.51,0.1044461652636528,149.5066375732422,0.01900000125169754,0.0,1
1681941521.18107080,79644785,0,3,338338200,2258,10,1.29,42.7247688,-84.4807629,281.59000000000003,0.1049380749464035,187.66680908203125,0.14900000393390656,0.0,1
1681941521.38097787,79844692,0,3,338338400,2258,10,1.29,42.7247688,-84.48076309999999,281.62,0.18876706063747406,117.78679656982422,0.1120000034570694,0.0,1
1681941521.58103991,80044754,0,3,338338600,2258,10,1.29,42.7247689,-84.4807632,281.63,0.07211102545261383,33.690067291259766,0.20200000703334808,0.0,1
1681941521.78107381,80244788,0,3,338338800,2258,10,1.29,42.724768999999995,-84.4807648,281.89,0.11154372245073318,95.65947723388672,0.02800000086426735,0.0,1
1681941521.98157287,80445287,0,3,338339000,2258,10,1.29,42.724769099999996,-84.48076449999999,281.85,0.08886507153511047,140.93740844726562,0.2150000035762787,0.0,1
1681941522.18099189,80644706,0,3,338339200,2258,10,1.29,42.724769099999996,-84.4807652,281.96,0.1721540093421936,67.45693969726562,0.24300001561641693,0.0,1
1681941522.38136292,80845077,0,3,338339400,2258,10,1.29,42.724769099999996,-84.4807661,282.09000000000003,0.13497407734394073,80.18873596191406,0.22200001776218414,0.0,1
1681941522.58143282,81045147,0,3,338339600,2258,10,1.29,42.7247692,-84.4807665,282.15000000000003,0.12525175511837006,70.40771484375,0.22200001776218414,0.0,1
1681941522.76105499,81224769,0,3,338339800,2258,10,1.29,42.7247694,-84.48076669999999,282.19,0.2711162269115448,68.35556030273438,0.2970000207424164,0.0,1
1681941522.98151493,81445229,0,3,338340000,2258,10,1.29,42.7247694,-84.4807682,282.41,0.03700000047683716,71.07535552978516,0.3530000150203705,0.0,1
1681941523.18161798,81645332,0,3,338340200,2258,10,1.29,42.7247694,-84.48076909999999,282.53000000000003,0.20462894439697266,70.59102630615234,0.33800002932548523,0.0,1
1681941523.38158989,81845304,0,3,338340400,2258,10,1.29,42.7247694,-84.4807696,282.62,0.1580284833908081,68.4678955078125,0.2970000207424164,0.0,1
1681941523.58161688,82045331,0,3,338340600,2258,10,1.29,42.7247695,-84.48076999999999,282.68,0.1736692488193512,76.68390655517578,0.37700000405311584,0.0,1
1681941523.78155398,82245268,0,3,338340800,2258,10,1.29,42.7247695,-84.4807703,282.72,0.18876706063747406,84.83304595947266,0.4000000059604645,0.0,1
1681941523.98158598,82445300,0,3,338341000,2258,10,1.29,42.7247695,-84.48077119999999,282.83,0.21392756700515747,67.75096893310547,0.36900001764297485,0.0,1
1681941524.18148088,82645195,0,3,338341200,2258,10,1.29,42.7247694,-84.4807723,282.98,0.2610306441783905,89.1219711303711,0.37400001287460327,0.0,1
1681941524.38203692,82845751,0,3,338341400,2258,10,1.29,42.7247693,-84.48077339999999,283.14,0.20988093316555023,40.74934387207031,0.36400002241134644,0.0,1
1681941524.58108687,83044801,0,3,338341600,2258,10,1.29,42.7247695,-84.4807747,283.28000000000003,0.14991331100463867,342.531982421875,0.32200002670288086,0.0,1
1681941524.78107476,83244789,0,3,338341800,2258,10,1.29,42.7247695,-84.48077599999999,283.41,0.09948869794607162,50.710594177246094,0.2900000214576721,0.0,1
1681941524.98098278,83444697,0,3,338342000,2258,10,1.29,42.7247695,-84.48077649999999,283.46,0.21256530284881592,109.79887390136719,0.3320000171661377,0.0,1
1681941525.18156195,83645276,0,3,338342200,2258,10,1.29,42.7247694,-84.4807778,283.66,0.04201190546154976,51.766170501708984,0.12200000882148743,0.0,1
1681941525.38109589,83844810,0,3,338342400,2258,10,1.29,42.7247694,-84.48077909999999,283.85,0.09192388504743576,75.5102310180664,0.12800000607967377,0.0,1
1681941525.58111787,84044832,0,3,338342600,2258,10,1.29,42.7247694,-84.48077959999999,283.88,0.14921461045742035,93.07332611083984,0.2840000092983246,0.0,1
1681941525.78160095,84245315,0,3,338342800,2258,10,1.29,42.7247694,-84.4807807,284.06,0.0663701742887497,83.94580078125,0.1600000113248825,0.0,1
1681941525.98144197,84445156,0,3,338343000,2258,10,1.29,42.7247694,-84.4807819,284.2,0.07707788795232773,337.09423828125,0.19200000166893005,0.0,1
1681941526.18128896,84645003,0,3,338343200,2258,10,1.29,42.7247694,-84.4807829,284.34000000000003,0.19602297246456146,89.12309265136719,0.1550000011920929,0.0,1
1681941526.38149190,84845206,0,3,338343400,2258,10,1.29,42.7247694,-84.4807836,284.47,0.1355581134557724,111.6444320678711,0.14100000262260437,0.0,1
1681941526.58152699,85045241,0,3,338343600,2258,10,1.29,42.7247693,-84.48078439999999,284.57,0.13612493872642517,68.90204620361328,0.26200002431869507,0.0,1
1681941526.78149199,85245206,0,3,338343800,2258,10,1.29,42.7247693,-84.48078489999999,284.61,0.08860022574663162,73.6104507446289,0.25699999928474426,0.0,1
1681941526.98200798,85445722,0,3,338344000,2258,10,1.29,42.7247692,-84.48078579999999,284.7,0.11183023452758789,77.08218383789062,0.22700001299381256,0.0,1
1681941527.18154478,85645259,0,3,338344200,2258,10,1.29,42.724769099999996,-84.48078629999999,284.75,0.08300000429153442,90.0,0.18300001323223114,0.0,1
1681941527.38156295,85845277,0,3,338344400,2258,10,1.29,42.724768999999995,-84.48078699999999,284.83,0.05913544073700905,93.8785171508789,0.15700000524520874,0.0,1
1681941527.58196688,86045681,0,3,338344600,2258,10,1.29,42.7247688,-84.4807877,284.89,0.06207254156470299,87.22978210449219,0.14300000667572021,0.0,1
1681941527.78096390,86244678,0,3,338344800,2258,10,1.29,42.7247687,-84.4807883,284.95,0.07300685346126556,89.21516418457031,0.15000000596046448,0.0,1
1681941527.98106098,86444775,0,3,338345000,2258,10,1.29,42.7247686,-84.4807889,284.98,0.08713208884000778,80.7538833618164,0.1940000057220459,0.0,1
1681941528.18109989,86644814,0,3,338345200,2258,10,1.29,42.724768499999996,-84.4807886,284.92,0.22210358083248138,80.41044616699219,0.23000000417232513,0.0,1
1681941528.38107991,86844794,0,3,338345400,2258,10,1.29,42.724768499999996,-84.4807885,284.88,0.05894065275788307,75.25643157958984,0.1900000125169754,0.0,1
1681941528.58097696,87044691,0,3,338345600,2258,10,1.29,42.7247683,-84.4807889,284.89,0.09831073135137558,99.36650085449219,0.21400001645088196,0.0,1
1681941528.78106785,87244782,0,3,338345800,2258,10,1.29,42.7247682,-84.480789,284.85,0.04940648004412651,35.942108154296875,0.1600000113248825,0.0,1
1681941528.98107481,87444789,0,3,338346000,2258,10,1.29,42.7247681,-84.480789,284.82,0.1675022393465042,68.64321899414062,0.24900001287460327,0.0,1
1681941529.18112493,87644839,0,3,338346200,2258,10,1.29,42.7247681,-84.48078919999999,284.82,0.1533949226140976,79.86219787597656,0.2840000092983246,0.0,1
1681941529.38098598,87844700,0,3,338346400,2258,10,1.29,42.724768,-84.4807891,284.77,0.09570789337158203,79.1596908569336,0.2760000228881836,0.0,1
1681941529.56100178,88024716,0,3,338346600,2258,10,1.29,42.724767799999995,-84.4807893,284.77,0.19991248846054077,80.20784759521484,0.3150000274181366,0.0,1
1681941529.78106499,88244779,0,3,338346800,2258,10,1.29,42.7247677,-84.4807896,284.8,0.12998847663402557,72.5407943725586,0.31700000166893005,0.0,1
1681941529.98149085,88445205,0,3,338347000,2258,10,1.29,42.7247676,-84.4807898,284.82,0.1599656343460083,81.00875091552734,0.21800000965595245,0.0,1
1681941530.18153191,88645246,0,3,338347200,2258,10,1.29,42.7247675,-84.48079,284.83,0.12884487211704254,74.23784637451172,0.2750000059604645,0.0,1
1681941530.38188076,88845595,0,3,338347400,2258,10,1.29,42.724767299999996,-84.48079039999999,284.86,0.1038123294711113,76.63306427001953,0.29100000858306885,0.0,1
1681941530.58159494,89045309,0,3,338347600,2258,10,1.29,42.724767199999995,-84.4807907,284.88,0.16019988059997559,87.13758850097656,0.28700000047683716,0.0,1
1681941530.78107381,89244788,0,3,338347800,2258,10,1.29,42.724767,-84.48079129999999,284.95,0.09166242927312851,83.10757446289062,0.2510000169277191,0.0,1
1681941530.98106599,89444780,0,3,338348000,2258,10,1.29,42.7247668,-84.48079179999999,285.02,0.12103719264268875,88.57972717285156,0.25300002098083496,0.0,1
1681941531.18159986,89645314,0,3,338348200,2258,10,1.29,42.724766599999995,-84.4807922,285.07,0.12649506330490112,78.60123443603516,0.2580000162124634,0.0,1
1681941531.38097095,89844685,0,3,338348400,2258,10,1.29,42.7247664,-84.48079249999999,285.12,0.1404564082622528,70.01688385009766,0.20200000703334808,0.0,1
1681941531.58154893,90045263,0,3,338348600,2258,10,1.29,42.7247663,-84.48079299999999,285.19,0.024413112550973892,124.99201965332031,0.0990000069141388,0.0,1
1681941531.78155184,90245266,0,3,338348800,2258,10,1.29,42.724765999999995,-84.48079369999999,285.26,0.0430116280913353,88.66777801513672,0.1550000011920929,0.0,1
1681941531.98163486,90445349,0,3,338349000,2258,10,1.29,42.7247658,-84.48079419999999,285.34000000000003,0.06281720101833344,103.81501770019531,0.11600000411272049,0.0,1
1681941532.18162799,90645342,0,3,338349200,2258,10,1.29,42.7247658,-84.4807944,285.35,0.11926861107349396,56.97612762451172,0.164000004529953,0.0,1
1681941532.36097884,90824693,0,3,338349400,2258,10,1.29,42.7247657,-84.4807948,285.40000000000003,0.011704700998961926,70.01688385009766,0.11900000274181366,0.0,1
1681941532.58156586,91045280,0,3,338349600,2258,9,1.29,42.7247655,-84.4807951,285.40000000000003,0.0511077344417572,120.5792236328125,0.17800000309944153,0.0,1
1681941532.78158188,91245296,0,3,338349800,2258,9,1.29,42.7247653,-84.48079589999999,285.5,0.05510898306965828,101.51382446289062,0.18700000643730164,0.0,1
1681941532.98198676,91445701,0,3,338350000,2258,9,1.29,42.7247653,-84.480796,285.48,0.18406793475151062,60.37094497680664,0.25600001215934753,0.0,1
1681941533.18096781,91644682,0,3,338350200,2258,9,2.24,42.7247652,-84.4807963,285.5,0.09850888699293137,95.82633209228516,0.39500001072883606,0.0,1
1681941533.38144088,91845155,0,3,338350400,2258,9,2.24,42.724765,-84.4807969,285.56,0.17523129284381866,92.94403839111328,0.22800001502037048,0.0,1
1681941533.58149576,92045210,0,3,338350600,2258,9,2.24,42.7247649,-84.480797,285.56,0.16200000047683716,90.0,0.39000001549720764,0.0,1
1681941533.78150678,92245221,0,3,338350800,2258,9,2.24,42.724764799999996,-84.4807972,285.56,0.17750494182109833,56.488975524902344,0.22700001299381256,0.0,1
1681941533.98195696,92445671,0,3,338351000,2258,9,2.24,42.724764799999996,-84.4807975,285.57,0.13462913036346436,74.93151092529297,0.2460000067949295,0.0,1
1681941534.18154788,92645262,0,3,338351200,2258,9,2.24,42.724764799999996,-84.4807976,285.54,0.09535198658704758,80.34010314941406,0.2240000069141388,0.0,1
1681941534.38146186,92845176,0,3,338351400,2258,9,2.24,42.7247646,-84.4807981,285.58,0.17504571378231049,88.69060516357422,0.2850000262260437,0.0,1
1681941534.58190894,93045623,0,3,338351600,2258,9,2.24,42.7247644,-84.48079829999999,285.58,0.14220057427883148,102.1791763305664,0.3020000159740448,0.0,1
1681941534.78157282,93245287,0,3,338351800,2258,9,2.24,42.724764199999996,-84.48079849999999,285.57,0.1147562637925148,77.41703796386719,0.23500001430511475,0.0,1
1681941534.98096991,93444684,0,3,338352000,2258,9,2.24,42.7247641,-84.4807987,285.55,0.11624543368816376,68.29011535644531,0.22800001502037048,0.0,1
1681941535.18108177,93644796,0,3,338352200,2258,9,2.24,42.7247639,-84.4807989,285.57,0.17933768033981323,86.48344421386719,0.15000000596046448,0.0,1
1681941535.38108587,93844800,0,3,338352400,2258,9,2.24,42.7247637,-84.4807993,285.61,0.08646965026855469,95.97431945800781,0.15000000596046448,0.0,1
1681941535.58107996,94044794,0,3,338352600,2258,9,2.24,42.724763499999995,-84.4807996,285.63,0.10465657711029053,62.70042419433594,0.13100001215934753,0.0,1
1681941535.78098989,94244704,0,3,338352800,2258,9,2.24,42.7247634,-84.4807998,285.61,0.06264982372522354,28.610458374023438,0.1469999998807907,0.0,1
1681941535.98106980,94444784,0,3,338353000,2258,9,2.24,42.7247632,-84.4808003,285.67,0.10322790592908859,125.53766632080078,0.05900000408291817,0.0,1
1681941536.18110895,94644823,0,3,338353200,2258,9,2.24,42.724762999999996,-84.4808006,285.67,0.07294519245624542,56.745628356933594,0.11700000613927841,0.0,1
1681941536.36107993,94824794,0,3,338353400,2258,9,2.24,42.7247628,-84.4808008,285.67,0.07299315929412842,99.46231842041016,0.0860000029206276,0.0,1
1681941536.58154988,95045264,0,3,338353600,2258,9,2.24,42.7247626,-84.4808011,285.67,0.10104455053806305,178.2986297607422,0.07900000363588333,0.0,1
1681941536.78191590,95245630,0,3,338353800,2258,9,2.24,42.724762399999996,-84.48080159999999,285.69,0.04365776106715202,20.095230102539062,0.10500000417232513,0.0,1
1681941536.96096587,95424680,0,3,338354000,2258,9,2.24,42.724762399999996,-84.4808015,285.62,0.17748521268367767,101.37322998046875,0.12200000882148743,0.0,1
1681941537.18146491,95645179,0,3,338354200,2258,9,2.23,42.7247621,-84.480802,285.67,0.08981091529130936,127.76307678222656,0.26600000262260437,0.0,1
1681941537.38157678,95845291,0,3,338354400,2258,9,2.23,42.724762,-84.4808024,285.66,0.1578923761844635,51.170169830322266,0.27900001406669617,0.0,1
1681941537.58161879,96045333,0,3,338354600,2258,9,2.23,42.724762,-84.48080279999999,285.68,0.13951703906059265,69.87654876708984,0.3070000112056732,0.0,1
1681941537.76116490,96224879,0,3,338354800,2258,9,2.23,42.724761799999996,-84.4808034,285.72,0.1671077460050583,75.79743957519531,0.35200002789497375,0.0,1
1681941537.98106790,96444782,0,3,338355000,2258,9,2.23,42.724761699999995,-84.4808039,285.74,0.16164468228816986,81.81977081298828,0.35200002789497375,0.0,1
1681941538.18112683,96644841,0,3,338355200,2258,9,2.23,42.7247616,-84.4808046,285.77,0.16177144646644592,76.04965209960938,0.39100003242492676,0.0,1
1681941538.36142182,96825136,0,3,338355400,2258,9,2.23,42.7247614,-84.48080519999999,285.8,0.23690716922283173,82.72499084472656,0.3680000305175781,0.0,1
1681941538.56099796,97024712,0,3,338355600,2258,9,2.23,42.724761199999996,-84.4808061,285.88,0.21375922858715057,85.16957092285156,0.42900002002716064,0.0,1
1681941538.78106785,97244782,0,3,338355800,2258,9,2.23,42.724761099999995,-84.480807,285.94,0.14647866785526276,55.007972717285156,0.33900001645088196,0.0,1
1681941538.98108983,97444804,0,3,338356000,2258,9,2.23,42.7247609,-84.480808,286.0,0.22033612430095673,81.64924621582031,0.3680000305175781,0.0,1
1681941539.18108487,97644799,0,3,338356200,2258,9,2.23,42.7247608,-84.48080879999999,286.05,0.1376735270023346,78.6900634765625,0.33400002121925354,0.0,1
1681941539.38099194,97844706,0,3,338356400,2258,9,2.23,42.7247607,-84.4808098,286.11,0.153935045003891,65.43282318115234,0.27400001883506775,0.0,1
1681941539.58106685,98044781,0,3,338356600,2258,9,2.23,42.724760599999996,-84.4808108,286.19,0.15192103385925293,73.95098876953125,0.26900002360343933,0.0,1
1681941539.78107285,98244787,0,3,338356800,2258,9,2.23,42.7247604,-84.4808122,286.31,0.09518928825855255,86.38611602783203,0.26600000262260437,0.0,1
1681941539.98156190,98445276,0,3,338357000,2258,9,2.23,42.7247601,-84.4808135,286.43,0.11860016733407974,75.8465805053711,0.23900000751018524,0.0,1
1681941540.18137097,98645085,0,3,338357200,2258,9,2.23,42.724759899999995,-84.4808147,286.54,0.03544009104371071,106.38953399658203,0.14500001072883606,0.0,1
1681941540.38202190,98845736,0,3,338357400,2258,9,2.23,42.7247598,-84.4808157,286.63,0.02418677508831024,29.7448787689209,0.04400000348687172,0.0,1
1681941540.58106399,99044778,0,3,338357600,2258,9,2.23,42.7247597,-84.4808168,286.72,0.031400639563798904,52.76516342163086,0.07300000637769699,0.0,1
1681941540.78108478,99244799,0,3,338357800,2258,9,2.23,42.724759399999996,-84.48081839999999,286.89,0.025806976482272148,125.53766632080078,0.18000000715255737,0.0,1
1681941540.98107290,99444787,0,3,338358000,2258,9,2.23,42.7247591,-84.48082,287.05,0.008944272063672543,153.43495178222656,0.009000000543892384,0.0,1
1681941541.18098688,99644701,0,3,338358200,2258,9,2.23,42.7247589,-84.4808214,287.19,0.04346263036131859,23.025489807128906,0.10700000822544098,0.0,1
1681941541.38157082,99845285,0,3,338358400,2258,9,2.23,42.7247588,-84.4808224,287.25,0.037854988127946854,77.79952239990234,0.07400000095367432,0.0,1
1681941541.58106995,100044784,0,3,338358600,2258,9,2.23,42.7247586,-84.4808233,287.3,0.015620499849319458,39.805572509765625,0.04100000113248825,0.0,1
1681941541.78105783,100244772,0,3,338358800,2258,9,2.23,42.7247585,-84.4808245,287.40000000000003,0.0022360680159181356,26.56505012512207,0.07100000232458115,0.0,1
1681941541.98158979,100445304,0,3,338359000,2258,9,2.23,42.7247582,-84.48082579999999,287.53000000000003,0.048373546451330185,172.87496948242188,0.03500000014901161,0.0,1
1681941542.18148994,100645204,0,3,338359200,2258,9,2.23,42.724758099999995,-84.4808267,287.6,0.0360138900578022,268.40887451171875,-0.02500000037252903,0.0,1
