timestamp,TimeUS,C,Q1,Q2,Q3,Q4
1681941453.04078293,11504497,2,1.0,0.0,0.0,0.0
1681941453.14080596,11604520,2,1.0,0.0,0.0,0.0
1681941453.24078298,11704497,2,1.0,0.0,0.0,0.0
1681941453.34077597,11804490,2,1.0,0.0,0.0,0.0
1681941453.44077682,11904491,2,1.0,0.0,0.0,0.0
1681941453.54084992,12004564,2,1.0,0.0,0.0,0.0
1681941453.64085793,12104572,2,1.0,0.0,0.0,0.0
1681941453.74086881,12204583,2,1.0,0.0,0.0,0.0
1681941453.84085298,12304567,2,1.0,0.0,0.0,0.0
1681941453.94078588,12404500,2,1.0,0.0,0.0,0.0
1681941454.04079795,12504512,2,0.9998570680618286,0.0031051887199282646,0.01661783456802368,-3.384346200618893e-05
1681941454.14077091,12604485,2,0.9998581409454346,0.003077701898291707,0.016560260206460953,-1.2686155059782322e-05
1681941454.24078393,12704498,2,0.9998589754104614,0.0030494488310068846,0.01651603914797306,-6.241819937713444e-05
1681941454.34077191,12804486,2,0.9998583793640137,0.003048277460038662,0.016550403088331223,-2.5045872462214902e-05
1681941454.44086599,12904580,2,0.9998590350151062,0.0030173305422067642,0.016515547409653664,-1.8989369436894776e-06
1681941454.54085898,13004573,2,0.9998594522476196,0.00297699891962111,0.016499299556016922,-2.4096179913613014e-05
1681941454.64087081,13104585,2,0.9998605847358704,0.0029293077532202005,0.016438864171504974,-3.1440824386663735e-05
1681941454.74084091,13204555,2,0.9998606443405151,0.00289692054502666,0.016441710293293,-3.4195243642898276e-05
1681941454.84077883,13304493,2,0.9998605251312256,0.0028851525858044624,0.016448313370347023,-2.936860801128205e-05
1681941454.94081092,13404525,2,0.9998610019683838,0.002820543246343732,0.01643401011824608,-3.224057218176313e-05
1681941455.04077578,13504490,2,0.9998607039451599,0.002763643627986312,0.016459453850984573,4.776681089424528e-05
1681941455.14077187,13604486,2,0.999861478805542,0.0026909136213362217,0.01642567291855812,9.684283577371389e-05
1681941455.24078679,13704501,2,0.9998631477355957,0.002593390177935362,0.01633804850280285,7.296550757018849e-05
1681941455.34085083,13804565,2,0.9998650550842285,0.0025090123526751995,0.016234060749411583,5.4878066293895245e-05
1681941455.44084382,13904558,2,0.9998663663864136,0.002396252704784274,0.016169877722859383,2.8912220386700938e-06
1681941455.54080486,14004519,2,0.6311556100845337,-0.011127525940537453,0.011940781958401203,0.7754845023155212
1681941455.64085579,14104570,2,0.6315513253211975,-0.01116136647760868,0.011967652477324009,0.7751613259315491
1681941455.74078894,14204503,2,0.6314281225204468,-0.011150745674967766,0.011958781629800797,0.7752619981765747
1681941455.84079885,14304513,2,0.6298599243164062,-0.011121791787445545,0.011934397742152214,0.7765374183654785
1681941455.94077396,14404488,2,0.6269893050193787,-0.01105305552482605,0.011978249065577984,0.7788573503494263
1681941456.04076886,14504483,2,0.6241432428359985,-0.011005599051713943,0.011972681619226933,0.7811406850814819
1681941456.14076281,14604477,2,0.622512698173523,-0.010944104753434658,0.011996977962553501,0.7824411988258362
1681941456.24086094,14704575,2,0.6223286390304565,-0.010904557071626186,0.011984187178313732,0.7825883626937866
1681941456.34083486,14804549,2,0.6231066584587097,-0.010893111117184162,0.011947428807616234,0.7819697260856628
1681941456.44080591,14904520,2,0.6243160963058472,-0.01100947055965662,0.01194069068878889,0.781002938747406
1681941456.54085279,15004567,2,0.6257246136665344,-0.01103744562715292,0.01193649135529995,0.7798745632171631
1681941456.64079595,15104510,2,0.6273598074913025,-0.011098221875727177,0.01189127191901207,0.7785596251487732
1681941456.74080491,15204519,2,0.6289257407188416,-0.011160098947584629,0.011960402131080627,0.7772932648658752
1681941456.84077191,15304486,2,0.6302535533905029,-0.011157126165926456,0.011965185403823853,0.776216983795166
1681941456.94077778,15404492,2,0.6311219930648804,-0.011179642751812935,0.01196375023573637,0.7755107283592224
1681941457.04077387,15504488,2,0.6313837170600891,-0.01119498535990715,0.011941620148718357,0.7752977609634399
1681941457.14086199,15604576,2,0.6311755180358887,-0.011210138909518719,0.011950795538723469,0.7754669189453125
1681941457.24084187,15704556,2,0.6307944059371948,-0.011198260821402073,0.011944443918764591,0.7757772207260132
1681941457.34088683,15804601,2,0.6305607557296753,-0.011162597686052322,0.0119396410882473,0.7759677767753601
1681941457.44085097,15904565,2,0.6306231617927551,-0.011126406490802765,0.011993211694061756,0.7759167551994324
1681941457.54078078,16004495,2,0.6307077407836914,-0.011079851537942886,0.011960955336689949,0.7758491635322571
1681941457.64079595,16104510,2,0.6306082010269165,-0.011081291362643242,0.012003365904092789,0.7759293913841248
1681941457.74076676,16204481,2,0.6302933096885681,-0.011050411500036716,0.011999489739537239,0.7761857509613037
1681941457.84076691,16304481,2,0.630014181137085,-0.011052323505282402,0.0120005551725626,0.7764122486114502
1681941457.94077396,16404488,2,0.6299276947975159,-0.010990548878908157,0.011992783285677433,0.776483416557312
1681941458.04084682,16504561,2,0.6299458742141724,-0.011018475517630577,0.011969058774411678,0.7764686346054077
1681941458.14082599,16604540,2,0.6299747228622437,-0.011043809354305267,0.011959899216890335,0.7764449715614319
1681941458.24081278,16704527,2,0.6298995614051819,-0.011082586832344532,0.011948389932513237,0.7765055894851685
1681941458.34084892,16804563,2,0.6297550201416016,-0.011032730340957642,0.011911951005458832,0.7766241431236267
1681941458.44077992,16904494,2,0.6294662356376648,-0.011031810194253922,0.011885885149240494,0.7768586277961731
1681941458.54079986,17004514,2,0.6290575861930847,-0.01105805765837431,0.01183585450053215,0.7771899700164795
1681941458.64076686,17104481,2,0.628746509552002,-0.011054253205657005,0.011794252321124077,0.7774422764778137
1681941458.74076200,17204476,2,0.6285728812217712,-0.011092416010797024,0.01182595919817686,0.7775816917419434
1681941458.84076786,17304482,2,0.6285184025764465,-0.011110917665064335,0.011812946759164333,0.7776256203651428
1681941458.94084382,17404558,2,0.6285151839256287,-0.011137220077216625,0.011733979918062687,0.7776290774345398
1681941459.04084992,17504564,2,0.6286200284957886,-0.011117879301309586,0.011718316935002804,0.7775448560714722
1681941459.14086485,17604579,2,0.6288194060325623,-0.011111821047961712,0.011692038737237453,0.7773840427398682
1681941459.24083996,17704554,2,0.6290520429611206,-0.011125162243843079,0.011720247566699982,0.7771952152252197
1681941459.34077883,17804493,2,0.6292030811309814,-0.011125070042908192,0.011716712266206741,0.7770730257034302
1681941459.44079685,17904511,2,0.6292287707328796,-0.011156290769577026,0.011689950712025166,0.777052104473114
1681941459.54076290,18004477,2,0.6290876269340515,-0.0111698592081666,0.01169718336313963,0.7771661281585693
1681941459.64076591,18104480,2,0.6288577318191528,-0.011197451502084732,0.011711707338690758,0.7773515582084656
1681941459.74077082,18204485,2,0.6285097599029541,-0.011214508675038815,0.011681555770337582,0.7776331305503845
1681941459.84084392,18304558,2,0.6280276775360107,-0.011192725040018559,0.011638549156486988,0.7780234217643738
1681941459.94083381,18404548,2,0.6274696588516235,-0.011224654503166676,0.011601833626627922,0.7784736156463623
1681941460.04086089,18504575,2,0.6271478533744812,-0.011213183403015137,0.011554529890418053,0.7787337899208069
1681941460.14085388,18604568,2,0.6269828081130981,-0.01124652475118637,0.011560538783669472,0.7788661122322083
1681941460.24077797,18704492,2,0.6267619729042053,-0.011347099207341671,0.01157532911747694,0.7790421843528748
1681941460.34079885,18804513,2,0.6265251040458679,-0.011331821791827679,0.011606278829276562,0.7792324423789978
1681941460.44076395,18904478,2,0.6262176632881165,-0.011384407989680767,0.011571594513952732,0.7794792652130127
1681941460.54076290,19004477,2,0.626152753829956,-0.011433861218392849,0.01154556404799223,0.7795310616493225
1681941460.64077592,19104490,2,0.626353919506073,-0.011412128806114197,0.011612833477556705,0.7793687582015991
1681941460.74083185,19204546,2,0.6265541315078735,-0.011458344757556915,0.011642071418464184,0.7792066931724548
1681941460.84085584,19304570,2,0.6265038847923279,-0.011434110812842846,0.011614752933382988,0.7792478799819946
1681941460.94085693,19404571,2,0.6264097690582275,-0.011463210918009281,0.011557468213140965,0.7793239951133728
1681941461.04084992,19504564,2,0.6263055801391602,-0.011455090716481209,0.011504405178129673,0.7794085741043091
1681941461.14079690,19604511,2,0.6265028119087219,-0.011412212625145912,0.011422296985983849,0.7792518734931946
1681941461.24080086,19704515,2,0.6269049048423767,-0.011424889788031578,0.011408909223973751,0.7789284586906433
1681941461.34077287,19804487,2,0.627192497253418,-0.011395078152418137,0.011395604349672794,0.7786974906921387
1681941461.44076991,19904484,2,0.627333402633667,-0.011351978406310081,0.011424856260418892,0.7785842418670654
1681941461.54076886,20004483,2,0.6271883249282837,-0.011333244852721691,0.011392719112336636,0.7787018418312073
1681941461.64085197,20104566,2,0.6268676519393921,-0.011312856338918209,0.011401467956602573,0.7789601683616638
1681941461.74082398,20204538,2,0.626829206943512,-0.011318744160234928,0.011399575509130955,0.7789911031723022
1681941461.84087992,20304594,2,0.6269955039024353,-0.011299613863229752,0.011410670354962349,0.7788573503494263
1681941461.94086289,20404577,2,0.6272093057632446,-0.011242066510021687,0.011418996378779411,0.7786859273910522
1681941462.04078484,20504499,2,0.627301037311554,-0.01116981916129589,0.011428208090364933,0.7786128520965576
1681941462.14080095,20604515,2,0.6273329854011536,-0.011159864254295826,0.011429502628743649,0.778587281703949
1681941462.24077177,20704486,2,0.6274152994155884,-0.011099212802946568,0.011426177807152271,0.7785218358039856
1681941462.34077978,20804494,2,0.6274549961090088,-0.01104672346264124,0.011417947709560394,0.7784907817840576
1681941462.44077778,20904492,2,0.6274288296699524,-0.01109018549323082,0.011405783705413342,0.7785114049911499
1681941462.54084778,21004562,2,0.6272876262664795,-0.011036308482289314,0.011373357847332954,0.7786264419555664
1681941462.64083290,21104547,2,0.626885175704956,-0.011059045791625977,0.011329288594424725,0.7789508104324341
1681941462.74080896,21204523,2,0.6262947916984558,-0.011090324260294437,0.011324937455356121,0.7794251441955566
1681941462.84084892,21304563,2,0.6256622672080994,-0.011089415289461613,0.011313754133880138,0.7799332141876221
1681941462.94078588,21404500,2,0.6252120137214661,-0.011101808398962021,0.011251809075474739,0.7802948951721191
1681941463.04079580,21504510,2,0.6249583959579468,-0.01109814178198576,0.01127686444669962,0.780497670173645
1681941463.14078379,21604498,2,0.6247738599777222,-0.011056254617869854,0.01130624394863844,0.7806456089019775
1681941463.24077082,21704485,2,0.6244696974754333,-0.011133874766528606,0.011246495880186558,0.7808887362480164
1681941463.34076595,21804480,2,0.6242308020591736,-0.011046753264963627,0.011218136176466942,0.7810813188552856
1681941463.44085598,21904570,2,0.6240712404251099,-0.011095574125647545,0.011267129331827164,0.7812073826789856
1681941463.54083991,22004554,2,0.6239070892333984,-0.011076398193836212,0.01123669184744358,0.7813392281532288
1681941463.64088798,22104602,2,0.6236423254013062,-0.011017395183444023,0.01120177935808897,0.7815518975257874
1681941463.74085784,22204572,2,0.6232280731201172,-0.011068707332015038,0.011221449822187424,0.7818812727928162
1681941463.84078097,22304495,2,0.6226969361305237,-0.011057105846703053,0.011171958409249783,0.7823051810264587
1681941463.94079590,22404510,2,0.622137725353241,-0.011159835383296013,0.01117628999054432,0.7827484607696533
1681941464.04076982,22504484,2,0.6216776967048645,-0.011155975982546806,0.011178332380950451,0.783113956451416
1681941464.14076686,22604481,2,0.621448278427124,-0.01111525297164917,0.011112923733890057,0.7832974791526794
1681941464.24076295,22704477,2,0.6212990880012512,-0.011130635626614094,0.011143146082758904,0.7834151983261108
1681941464.34084082,22804555,2,0.6212162971496582,-0.011107485741376877,0.011132944375276566,0.7834812998771667
1681941464.44083691,22904551,2,0.621225118637085,-0.011071106418967247,0.011067553423345089,0.7834757566452026
1681941464.54086590,23004580,2,0.6212639808654785,-0.011074572801589966,0.011049937456846237,0.7834451794624329
1681941464.64084196,23104556,2,0.6214545369148254,-0.011057144962251186,0.011078356765210629,0.7832938432693481
1681941464.74077892,23204493,2,0.6219114661216736,-0.010989764705300331,0.011106458492577076,0.7829316854476929
1681941464.84079790,23304512,2,0.6223050951957703,-0.011009685695171356,0.011119363829493523,0.7826184034347534
1681941464.94076681,23404481,2,0.6224942207336426,-0.011070406064391136,0.011101330630481243,0.7824673652648926
1681941465.04076576,23504480,2,0.6225271224975586,-0.011079485528171062,0.011122776195406914,0.782440721988678
1681941465.14077997,23604494,2,0.6224106550216675,-0.011032817885279655,0.011109059676527977,0.7825342416763306
1681941465.24082589,23704540,2,0.6222162246704102,-0.011041826568543911,0.011111081577837467,0.7826886773109436
1681941465.34082389,23804538,2,0.6220257878303528,-0.011018581688404083,0.011147145181894302,0.7828398942947388
1681941465.44087577,23904590,2,0.6217970252037048,-0.01102831494063139,0.011113641783595085,0.7830219268798828
1681941465.54084897,24004563,2,0.6215029954910278,-0.011055073700845242,0.0111476955935359,0.7832544445991516
1681941465.64077997,24104494,2,0.6212291121482849,-0.011070150882005692,0.011207827366888523,0.783470630645752
1681941465.74079990,24204514,2,0.6210736632347107,-0.011129421181976795,0.011239537037909031,0.7835925817489624
1681941465.84076691,24304481,2,0.621127724647522,-0.011172507889568806,0.011199799366295338,0.7835496664047241
1681941465.94076586,24404480,2,0.6212771534919739,-0.011215663515031338,0.011176981963217258,0.7834309339523315
1681941466.04076886,24504483,2,0.6215009093284607,-0.011258726939558983,0.011169712990522385,0.7832528948783875
1681941466.14085078,24604565,2,0.6216956377029419,-0.011249012313783169,0.011117767542600632,0.7830992341041565
1681941466.24084496,24704559,2,0.6219210624694824,-0.011349665932357311,0.011194217950105667,0.7829176783561707
1681941466.34086895,24804583,2,0.6220831871032715,-0.011322487145662308,0.01121355127543211,0.7827889919281006
1681941466.44085097,24904565,2,0.6222941279411316,-0.011358367279171944,0.01123289205133915,0.7826204895973206
1681941466.54077697,25004491,2,0.6227487921714783,-0.011440737172961235,0.011236647143959999,0.7822574973106384
1681941466.64079690,25104511,2,0.6232043504714966,-0.01140859629958868,0.011260662227869034,0.7818947434425354
1681941466.74076295,25204477,2,0.6236159801483154,-0.011407649144530296,0.011269533075392246,0.781566321849823
1681941466.84076381,25304478,2,0.6239075660705566,-0.011493177153170109,0.011301443912088871,0.7813318967819214
1681941466.94076490,25404479,2,0.624300479888916,-0.011457245796918869,0.011309429071843624,0.7810183763504028
1681941467.04085183,25504566,2,0.62486732006073,-0.011599645018577576,0.01129781361669302,0.7805629968643188
1681941467.14083481,25604549,2,0.6254094839096069,-0.011683253571391106,0.011306850239634514,0.7801273465156555
1681941467.24081087,25704525,2,0.6257988214492798,-0.011662471108138561,0.011305679567158222,0.7798153162002563
1681941467.34084582,25804560,2,0.6260405778884888,-0.011725813150405884,0.011301117949187756,0.7796204090118408
1681941467.44078279,25904497,2,0.6262394785881042,-0.011736864224076271,0.011296719312667847,0.7794605493545532
1681941467.54079890,26004513,2,0.6263837218284607,-0.011717673391103745,0.011286425404250622,0.7793450355529785
1681941467.64077091,26104485,2,0.626516580581665,-0.011781196109950542,0.011299560777842999,0.7792371511459351
1681941467.74076891,26204483,2,0.6266608834266663,-0.011766471900045872,0.01127179991453886,0.7791216969490051
1681941467.84077883,26304493,2,0.6268104910850525,-0.011814272962510586,0.011268709786236286,0.7790006995201111
1681941467.94084883,26404563,2,0.6268444657325745,-0.011835346929728985,0.011253902688622475,0.7789732217788696
1681941468.04085994,26504574,2,0.6267805099487305,-0.011847274377942085,0.01123807393014431,0.7790247797966003
1681941468.14087582,26604590,2,0.6268525123596191,-0.011847848072648048,0.011205324903130531,0.7789672613143921
1681941468.24084592,26704560,2,0.62723308801651,-0.01192389614880085,0.011221611872315407,0.778659462928772
1681941468.34078288,26804497,2,0.6279250979423523,-0.011904428713023663,0.011205156333744526,0.7781020402908325
1681941468.44079280,26904507,2,0.6288098692893982,-0.011942587792873383,0.01122552715241909,0.7773863077163696
1681941468.54076385,27004478,2,0.62983238697052,-0.011953736655414104,0.011260207742452621,0.776557445526123
1681941468.64076495,27104479,2,0.6309356689453125,-0.012008574791252613,0.01128452830016613,0.7756600975990295
1681941468.74077177,27204486,2,0.6322047114372253,-0.012002035975456238,0.011285725980997086,0.7746262550354004
1681941468.84084678,27304561,2,0.6336499452590942,-0.0119877764955163,0.01129635889083147,0.7734444737434387
1681941468.94083977,27404554,2,0.6350658535957336,-0.011951876804232597,0.011290612630546093,0.7722830176353455
1681941469.04085493,27504569,2,0.6363680958747864,-0.011951545253396034,0.011262144893407822,0.7712107300758362
1681941469.14084792,27604562,2,0.6374779343605042,-0.011984269134700298,0.011251595802605152,0.7702932357788086
1681941469.24078798,27704502,2,0.6384585499763489,-0.011980841867625713,0.011289190500974655,0.7694801688194275
1681941469.34079599,27804510,2,0.6393263339996338,-0.011994129046797752,0.011291042901575565,0.7687590718269348
1681941469.44077587,27904490,2,0.6400733590126038,-0.011982973664999008,0.011284995824098587,0.7681374549865723
1681941469.54076290,28004477,2,0.6407256126403809,-0.011966736987233162,0.011288922280073166,0.7675936818122864
1681941469.64076686,28104481,2,0.6413994431495667,-0.011998909525573254,0.011289584450423717,0.7670302391052246
1681941469.74083090,28204545,2,0.6420279741287231,-0.011973696760833263,0.011237936094403267,0.7665053009986877
1681941469.84085083,28304565,2,0.6426734924316406,-0.01194264367222786,0.011212719604372978,0.7659650444984436
1681941469.94080877,28404523,2,0.6434525847434998,-0.011936658062040806,0.011235852725803852,0.7653104066848755
1681941470.04084587,28504560,2,0.6443272233009338,-0.0119618596509099,0.011263158172369003,0.7645733952522278
1681941470.14078689,28604501,2,0.6451740264892578,-0.01198306679725647,0.011302566155791283,0.7638580203056335
1681941470.24079394,28704508,2,0.646109938621521,-0.011914568953216076,0.011316862888634205,0.7630674242973328
1681941470.34076977,28804484,2,0.647080659866333,-0.012008142657577991,0.011322067119181156,0.7622429132461548
1681941470.44076681,28904481,2,0.6480321288108826,-0.012031701393425465,0.011367580853402615,0.7614331245422363
1681941470.54076481,29004479,2,0.6491082906723022,-0.01205403171479702,0.011328237131237984,0.7605161666870117
1681941470.64083886,29104553,2,0.6502003073692322,-0.012104254215955734,0.011366995982825756,0.7595813870429993
1681941470.74084783,29204562,2,0.6512402892112732,-0.012079078704118729,0.011345653794705868,0.7586906552314758
1681941470.84086895,29304583,2,0.6521581411361694,-0.012023014016449451,0.011333745904266834,0.7579028606414795
1681941470.94085693,29404571,2,0.6530101895332336,-0.011994029395282269,0.01133901346474886,0.757169246673584
1681941471.04077888,29504493,2,0.6538410782814026,-0.011976244859397411,0.011347280815243721,0.7564520239830017
1681941471.14079976,29604514,2,0.6546372771263123,-0.011999748647212982,0.01142048742622137,0.7557616233825684
1681941471.24076390,29704478,2,0.6554167866706848,-0.011952531524002552,0.011433647014200687,0.7550862431526184
1681941471.34076595,29804480,2,0.655873715877533,-0.011952972039580345,0.011455555446445942,0.7546890377998352
1681941471.44076991,29904484,2,0.6561510562896729,-0.012009193189442158,0.011512869037687778,0.7544462084770203
1681941471.54083085,30004545,2,0.656346321105957,-0.012005958706140518,0.011498689651489258,0.7542765736579895
1681941471.64082289,30104537,2,0.656513512134552,-0.012002273462712765,0.011601434089243412,0.7541295289993286
1681941471.74080682,30204521,2,0.6567128896713257,-0.012079015374183655,0.011628055945038795,0.753954291343689
1681941471.84083390,30304548,2,0.6569750905036926,-0.012125172652304173,0.01165463775396347,0.7537246942520142
1681941471.94076991,30404484,2,0.6573206782341003,-0.012206722982227802,0.011690843850374222,0.753421425819397
1681941472.04078889,30504503,2,0.6578172445297241,-0.012212573550641537,0.011732256971299648,0.7529871463775635
1681941472.14075184,30604466,2,0.6583091616630554,-0.012240446172654629,0.011714824475347996,0.7525569796562195
1681941472.24075198,30704466,2,0.6588279008865356,-0.012206083163619041,0.011691289953887463,0.7521038055419922
1681941472.34075880,30804473,2,0.6594056487083435,-0.012163795530796051,0.01167247910052538,0.7515982985496521
1681941472.44082999,30904544,2,0.6599710583686829,-0.012154017575085163,0.011664613150060177,0.7511021494865417
1681941472.54084897,31004563,2,0.6605052947998047,-0.012120438739657402,0.011671104468405247,0.7506328225135803
1681941472.64080477,31104519,2,0.6608899831771851,-0.01217918936163187,0.011635508388280869,0.7502937912940979
1681941472.74085283,31204567,2,0.6612728834152222,-0.012149768881499767,0.011645914055407047,0.7499566078186035
1681941472.84076476,31304479,2,0.6616819500923157,-0.012130683287978172,0.011655366979539394,0.7495958805084229
1681941472.94078398,31404498,2,0.6621174812316895,-0.012097222730517387,0.011639970354735851,0.7492120265960693
1681941473.04075384,31504468,2,0.6625747680664062,-0.012091393582522869,0.011666247621178627,0.7488073110580444
1681941473.14075184,31604466,2,0.6630293726921082,-0.012111622840166092,0.011659952811896801,0.7484045624732971
1681941473.24075389,31704468,2,0.6634916067123413,-0.012125946581363678,0.01163067389279604,0.7479950785636902
1681941473.34082580,31804540,2,0.6638786196708679,-0.012146624736487865,0.011621162295341492,0.7476513981819153
1681941473.44082093,31904535,2,0.6641777753829956,-0.01212194375693798,0.011641948483884335,0.7473856806755066
1681941473.54080176,32004516,2,0.6646019816398621,-0.01208333857357502,0.011723615229129791,0.7470078468322754
1681941473.64082885,32104543,2,0.6650073528289795,-0.012037022039294243,0.011692553758621216,0.7466482520103455
1681941473.74077582,32204490,2,0.6653802990913391,-0.012040759436786175,0.011705100536346436,0.7463156580924988
1681941473.84078193,32304496,2,0.6657742261886597,-0.012056633830070496,0.01172635331749916,0.7459636926651001
1681941473.94075394,32404468,2,0.6661090850830078,-0.012072866782546043,0.01175153348594904,0.7456640005111694
1681941474.04075980,32504474,2,0.6664633750915527,-0.01207148376852274,0.01173911988735199,0.7453475594520569
1681941474.14075685,32604471,2,0.6668274998664856,-0.012037702836096287,0.011724593117833138,0.7450226545333862
1681941474.24083495,32704549,2,0.6671794056892395,-0.012057425454258919,0.01175476424396038,0.7447066903114319
1681941474.34082794,32804542,2,0.6675162315368652,-0.012035838328301907,0.011785377748310566,0.744404673576355
1681941474.44080281,32904517,2,0.6678615808486938,-0.012061537243425846,0.011775112710893154,0.7440946102142334
1681941474.54083300,33004547,2,0.6682382225990295,-0.012032447382807732,0.011764969676733017,0.7437570095062256
1681941474.64076877,33104483,2,0.6687626838684082,-0.011999684385955334,0.011760355904698372,0.7432860732078552
1681941474.74078488,33204499,2,0.6692636013031006,-0.012021556496620178,0.01183303538709879,0.7428335547447205
1681941474.84074998,33304464,2,0.6697208881378174,-0.011946615763008595,0.01179060060530901,0.7424231767654419
1681941474.94075489,33404469,2,0.6700751185417175,-0.011965773068368435,0.011794396676123142,0.7421031594276428
1681941475.04077387,33504488,2,0.6703360080718994,-0.011952962726354599,0.011760968714952469,0.7418681979179382
1681941475.14084077,33604555,2,0.6707243919372559,-0.011918740347027779,0.011758237145841122,0.7415176630020142
1681941475.24081182,33704526,2,0.6711891889572144,-0.011910255998373032,0.01180280651897192,0.7410963773727417
1681941475.34080577,33804520,2,0.6716679930686951,-0.011873099021613598,0.011839210987091064,0.7406625151634216
1681941475.44084096,33904555,2,0.6720616221427917,-0.011817220598459244,0.011863593943417072,0.7403058409690857
1681941475.54076385,34004478,2,0.672397792339325,-0.011814516969025135,0.011858014389872551,0.7400007247924805
1681941475.64079595,34104510,2,0.6726848483085632,-0.01173581462353468,0.011835232377052307,0.7397413849830627
1681941475.74075985,34204474,2,0.6729127764701843,-0.011778264306485653,0.01185003761202097,0.7395331263542175
1681941475.84075880,34304473,2,0.6731270551681519,-0.011771964840590954,0.01184099167585373,0.7393383383750916
1681941475.94076490,34404479,2,0.6732808947563171,-0.011754577048122883,0.011839564889669418,0.7391985654830933
1681941476.04084587,34504560,2,0.6735213398933411,-0.011707314290106297,0.011907176114618778,0.7389791011810303
1681941476.14083195,34604546,2,0.6738001108169556,-0.011674570851027966,0.011956212110817432,0.7387246489524841
1681941476.24079585,34704510,2,0.6742468476295471,-0.011658532544970512,0.011982748284935951,0.7383168339729309
1681941476.34083796,34804552,2,0.6746245622634888,-0.011642124503850937,0.011949368752539158,0.7379724979400635
1681941476.44076586,34904480,2,0.6749954223632812,-0.011641906574368477,0.01189855020493269,0.7376341223716736
1681941476.54079700,35004511,2,0.6752899885177612,-0.011622104793787003,0.011863726191222668,0.7373653650283813
1681941476.64076185,35104476,2,0.675488293170929,-0.01157412864267826,0.011850480921566486,0.7371845841407776
1681941476.74075890,35204473,2,0.6755399703979492,-0.011554484255611897,0.011885343119502068,0.7371370196342468
1681941476.84075499,35304469,2,0.675531268119812,-0.011507323011755943,0.011909139342606068,0.7371453642845154
1681941476.94084883,35404563,2,0.6754779815673828,-0.011491064913570881,0.01186782494187355,0.7371950745582581
1681941477.04080677,35504521,2,0.6753723621368408,-0.011512458324432373,0.01189270056784153,0.737291157245636
1681941477.14079881,35604513,2,0.6752185225486755,-0.011485591530799866,0.01190937589854002,0.7374321818351746
1681941477.24083996,35704554,2,0.6751139760017395,-0.011479025706648827,0.011904173530638218,0.7375280857086182
1681941477.34076786,35804482,2,0.6750253438949585,-0.011554109863936901,0.011854501441121101,0.7376088500022888
1681941477.44078398,35904498,2,0.6749445796012878,-0.011521050706505775,0.01181690115481615,0.7376838326454163
1681941477.54075098,36004465,2,0.6749317049980164,-0.011523033492267132,0.011838593520224094,0.7376952171325684
1681941477.64075398,36104468,2,0.6750425100326538,-0.011480046436190605,0.011821581050753593,0.7375947833061218
1681941477.74079299,36204507,2,0.6752808094024658,-0.011471960693597794,0.011812245473265648,0.7373769283294678
1681941477.84082794,36304542,2,0.6755144000053406,-0.011498537845909595,0.011819722130894661,0.7371624112129211
1681941477.94082785,36404542,2,0.6757136583328247,-0.01152487937361002,0.011820643208920956,0.7369793057441711
1681941478.04080677,36504521,2,0.6758556365966797,-0.011520653031766415,0.011790615506470203,0.7368496656417847
1681941478.14084291,36604557,2,0.6758841872215271,-0.011532566510140896,0.011830194853246212,0.7368226647377014
1681941478.24076796,36704482,2,0.6758952736854553,-0.011519218795001507,0.011871105059981346,0.7368120551109314
1681941478.34078884,36804503,2,0.675889790058136,-0.01152249425649643,0.011864673346281052,0.7368171215057373
1681941478.44075394,36904468,2,0.6758238077163696,-0.011477665975689888,0.011851498857140541,0.736878514289856
1681941478.54075193,37004466,2,0.6758894324302673,-0.011466478928923607,0.011842720210552216,0.7368186712265015
1681941478.64075494,37104469,2,0.676036536693573,-0.011403095908463001,0.01182358618825674,0.7366849780082703
1681941478.74085188,37204566,2,0.676167905330658,-0.011320963501930237,0.011867620050907135,0.7365649938583374
1681941478.84082294,37304537,2,0.6763074398040771,-0.011304821819067001,0.011898534372448921,0.7364366054534912
1681941478.94079685,37404511,2,0.6764552593231201,-0.011286850087344646,0.01190609484910965,0.7363009452819824
1681941479.04083085,37504545,2,0.676592230796814,-0.011271973140537739,0.011931514367461205,0.7361748814582825
1681941479.14076996,37604484,2,0.6767447590827942,-0.011255225166678429,0.011927188374102116,0.7360350489616394
1681941479.24078798,37704502,2,0.6769691109657288,-0.011268609203398228,0.011913170106709003,0.7358287572860718
1681941479.34075689,37804471,2,0.6771607995033264,-0.011228295974433422,0.011977092362940311,0.7356519103050232
1681941479.44076180,37904476,2,0.6773592829704285,-0.011274966411292553,0.012037085369229317,0.7354674339294434
1681941479.54075193,38004466,2,0.6775431632995605,-0.011258176527917385,0.012042473070323467,0.735298216342926
1681941479.64082479,38104539,2,0.6777173280715942,-0.01123321708291769,0.012087060138583183,0.7351373434066772
1681941479.74082589,38204540,2,0.6778530478477478,-0.01121588610112667,0.012091332115232944,0.735012412071228
1681941479.84080195,38304516,2,0.6779453754425049,-0.011196374893188477,0.012147697620093822,0.7349265813827515
1681941479.94083381,38404548,2,0.6779414415359497,-0.01122136041522026,0.012171980924904346,0.7349295020103455
1681941480.04077077,38504485,2,0.6779855489730835,-0.011220650747418404,0.012134093791246414,0.7348893880844116
1681941480.14078498,38604499,2,0.6780456900596619,-0.011175679974257946,0.012098877690732479,0.7348352074623108
1681941480.24076200,38704476,2,0.678166389465332,-0.011201981455087662,0.012162423692643642,0.7347223162651062
1681941480.34076595,38804480,2,0.6783329844474792,-0.011151197366416454,0.012156948447227478,0.7345693707466125
1681941480.44075680,38904471,2,0.6785181760787964,-0.01115195918828249,0.0121814776211977,0.7343979477882385
1681941480.54082990,39004544,2,0.678695023059845,-0.011149182915687561,0.012164317071437836,0.7342348098754883
1681941480.64081693,39104531,2,0.6788256764411926,-0.011171680875122547,0.012209473177790642,0.7341129183769226
1681941480.74079680,39204511,2,0.6789408922195435,-0.011182216927409172,0.012259867042303085,0.7340053915977478
1681941480.84085679,39304571,2,0.6791079640388489,-0.011200976558029652,0.012336273677647114,0.733849287033081
1681941480.94078088,39404495,2,0.679213285446167,-0.01126990094780922,0.01239410787820816,0.7337497472763062
1681941481.04078388,39504498,2,0.6793302297592163,-0.011241807602345943,0.012377619743347168,0.7336422204971313
1681941481.14075089,39604465,2,0.6794669032096863,-0.011234300211071968,0.012414813041687012,0.7335150837898254
1681941481.24074984,39704464,2,0.6796149611473083,-0.01119251362979412,0.012413532473146915,0.7333785891532898
1681941481.34075689,39804471,2,0.6797248125076294,-0.011174294166266918,0.012368920259177685,0.7332777976989746
1681941481.44083381,39904548,2,0.6798773407936096,-0.01116239745169878,0.012415044941008091,0.7331357598304749
1681941481.54081678,40004531,2,0.6800695657730103,-0.011112026870250702,0.012440424412488937,0.7329578399658203
1681941481.64079690,40104511,2,0.6802979707717896,-0.01108615379780531,0.01242183055728674,0.7327465415000916
1681941481.74083495,40204549,2,0.680652379989624,-0.01105546671897173,0.012416305020451546,0.7324178814888
1681941481.84077096,40304485,2,0.6810463666915894,-0.01107687409967184,0.012398619204759598,0.7320514917373657
1681941481.94078279,40404497,2,0.6813063025474548,-0.011114692315459251,0.012399090453982353,0.7318090200424194
1681941482.04075789,40504472,2,0.6814190745353699,-0.01117713563144207,0.012396701611578465,0.7317031025886536
1681941482.14075184,40604466,2,0.6814115643501282,-0.011181666515767574,0.012408506125211716,0.7317098379135132
1681941482.24075294,40704467,2,0.6814244985580444,-0.011172047816216946,0.012423941865563393,0.731697678565979
1681941482.34082985,40804544,2,0.6813638806343079,-0.011167632415890694,0.012453041039407253,0.7317537069320679
1681941482.44083381,40904548,2,0.6812288165092468,-0.011206023395061493,0.01247340813279152,0.7318784594535828
1681941482.54080582,41004520,2,0.6810747385025024,-0.011224125511944294,0.012540468014776707,0.7320204377174377
1681941482.64083099,41104545,2,0.6809451580047607,-0.011233954690396786,0.012538488954305649,0.7321408987045288
1681941482.74078393,41204498,2,0.6808656454086304,-0.011292633600533009,0.012583806179463863,0.7322131395339966
1681941482.84078979,41304504,2,0.6808351874351501,-0.011261707171797752,0.012600935995578766,0.7322416305541992
1681941482.94075179,41404466,2,0.6808405518531799,-0.011298762634396553,0.012628971599042416,0.7322356104850769
1681941483.04075384,41504468,2,0.680976927280426,-0.011284922249615192,0.01263322215527296,0.7321088910102844
1681941483.14076686,41604481,2,0.6811262369155884,-0.011247538030147552,0.012645318172872066,0.7319703698158264
1681941483.24083090,41704545,2,0.6812707781791687,-0.011256517842411995,0.012610986828804016,0.7318363189697266
1681941483.34084797,41804562,2,0.681492805480957,-0.011234921403229237,0.012583424337208271,0.7316303253173828
1681941483.44080186,41904516,2,0.6816919445991516,-0.01125785056501627,0.012574659660458565,0.7314445972442627
1681941483.54084992,42004564,2,0.6818652153015137,-0.011270764283835888,0.012633292935788631,0.7312818765640259
1681941483.64078093,42104495,2,0.6819943189620972,-0.011320940218865871,0.012610061094164848,0.7311611175537109
1681941483.74079585,42204510,2,0.6820554733276367,-0.011338324286043644,0.012593859806656837,0.7311040759086609
1681941483.84075999,42304474,2,0.6821154356002808,-0.01133048813790083,0.012576044537127018,0.731048583984375
1681941483.94078898,42404503,2,0.6822199821472168,-0.011384631507098675,0.0125676104798913,0.7309502959251404
1681941484.04075694,42504471,2,0.6823229789733887,-0.011356989853084087,0.012581417337059975,0.730854332447052
1681941484.14081883,42604533,2,0.6824739575386047,-0.01138694491237402,0.01256138551980257,0.7307132482528687
1681941484.24083495,42704549,2,0.682584285736084,-0.011394315399229527,0.012552627362310886,0.7306102514266968
1681941484.34079790,42804512,2,0.6827428340911865,-0.011389457620680332,0.012592856772243977,0.7304614782333374
1681941484.44083381,42904548,2,0.6829246878623962,-0.011351464316248894,0.012601163238286972,0.7302918434143066
1681941484.54076576,43004480,2,0.683174729347229,-0.011393165215849876,0.012624509632587433,0.7300569415092468
1681941484.64078379,43104498,2,0.6834551095962524,-0.011383012868463993,0.012650988064706326,0.7297941446304321
1681941484.74076390,43204478,2,0.6837198734283447,-0.011403524316847324,0.012637256644666195,0.7295460104942322
1681941484.84074998,43304464,2,0.6839094758033752,-0.01137508824467659,0.012666392140090466,0.7293682098388672
1681941484.94075179,43404466,2,0.6840772032737732,-0.011298656463623047,0.012627371586859226,0.729212760925293
1681941485.04082179,43504536,2,0.6840900182723999,-0.011280747130513191,0.012635375373065472,0.7292008399963379
1681941485.14081478,43604529,2,0.6840432286262512,-0.011310026049613953,0.012631194666028023,0.7292444109916687
1681941485.24079490,43704509,2,0.6839849352836609,-0.011374850757420063,0.012587424367666245,0.7292988300323486
1681941485.34083390,43804548,2,0.6839922070503235,-0.011360722593963146,0.012567379511892796,0.7292925715446472
1681941485.44077492,43904489,2,0.6841227412223816,-0.011358591727912426,0.012589428573846817,0.7291697859764099
1681941485.54078293,44004497,2,0.6842982172966003,-0.011354590766131878,0.0126328244805336,0.7290043830871582
1681941485.64075279,44104467,2,0.6845422387123108,-0.011379733681678772,0.01264877337962389,0.7287746071815491
1681941485.74076581,44204480,2,0.6846747398376465,-0.011412447318434715,0.012656284496188164,0.7286494374275208
1681941485.84075189,44304466,2,0.6848192811012268,-0.011454662308096886,0.012668107636272907,0.7285127639770508
1681941485.94084787,44404562,2,0.6849300861358643,-0.011437180452048779,0.012714401818811893,0.7284080982208252
1681941486.04082394,44504538,2,0.6849995851516724,-0.011435184627771378,0.012650187127292156,0.7283438444137573
1681941486.14079499,44604509,2,0.6850389838218689,-0.011437387205660343,0.012629976496100426,0.7283071279525757
1681941486.24083591,44704550,2,0.6850645542144775,-0.011415586806833744,0.0126168979331851,0.7282836437225342
1681941486.34077191,44804486,2,0.6850809454917908,-0.01142894010990858,0.012664982117712498,0.7282671332359314
1681941486.44078994,44904504,2,0.6851070523262024,-0.011481137946248055,0.012614882551133633,0.7282426357269287
1681941486.54075599,45004470,2,0.6851582527160645,-0.011523646302521229,0.012585272081196308,0.7281943559646606
1681941486.64075494,45104469,2,0.6852731704711914,-0.011536157689988613,0.012591144070029259,0.7280858755111694
1681941486.74076080,45204475,2,0.6853587031364441,-0.011560259386897087,0.012609211727976799,0.7280046939849854
1681941486.84084892,45304563,2,0.6855136752128601,-0.011573790572583675,0.012607848271727562,0.7278586030006409
1681941486.94080091,45404515,2,0.6857277154922485,-0.011593688279390335,0.012552043423056602,0.7276575565338135
1681941487.04080486,45504519,2,0.6859070062637329,-0.011590342037379742,0.012549550272524357,0.72748863697052
1681941487.14084888,45604563,2,0.6860833764076233,-0.011626235209405422,0.01250239834189415,0.7273225784301758
1681941487.24076796,45704482,2,0.6862664818763733,-0.011660180054605007,0.01247441116720438,0.7271497845649719
1681941487.34078598,45804500,2,0.6864266395568848,-0.011633014306426048,0.012453271076083183,0.7269993424415588
1681941487.44076395,45904478,2,0.6865649223327637,-0.01167550589889288,0.012466258369386196,0.7268678545951843
1681941487.54075694,46004471,2,0.6866669654846191,-0.011625578626990318,0.01246899925172329,0.7267721891403198
1681941487.64075398,46104468,2,0.6866685748100281,-0.011599913239479065,0.012406573630869389,0.726772129535675
1681941487.74084997,46204564,2,0.6866902112960815,-0.011573918163776398,0.012415389530360699,0.726751983165741
1681941487.84083486,46304549,2,0.686664342880249,-0.011574763804674149,0.01242006104439497,0.7267763614654541
1681941487.94079280,46404507,2,0.6866681575775146,-0.011551444418728352,0.01235151942819357,0.726774275302887
1681941488.04084086,46504555,2,0.6866520643234253,-0.011567865498363972,0.012347389943897724,0.7267892956733704
1681941488.14076686,46604481,2,0.6865857243537903,-0.011505592614412308,0.01234404742717743,0.7268530130386353
1681941488.24078393,46704498,2,0.6865053772926331,-0.011509901843965054,0.01230852585285902,0.7269294261932373
1681941488.34075880,46804473,2,0.6864287853240967,-0.011492610909044743,0.012311055324971676,0.727001965045929
1681941488.44075298,46904467,2,0.6863244771957397,-0.0115045215934515,0.012294258922338486,0.7271005511283875
1681941488.54075289,47004467,2,0.6862314939498901,-0.011542975902557373,0.012313753366470337,0.7271873950958252
1681941488.64081383,47104528,2,0.6862214207649231,-0.011573653668165207,0.012271854095160961,0.7271971106529236
1681941488.74084187,47204556,2,0.6862173676490784,-0.011640366166830063,0.012275406159460545,0.7271997928619385
1681941488.84085584,47304570,2,0.6861962676048279,-0.011641883291304111,0.012285568751394749,0.7272195219993591
1681941488.94083381,47404548,2,0.6861633658409119,-0.01161206141114235,0.012266944162547588,0.7272513508796692
1681941489.04077196,47504486,2,0.6860630512237549,-0.011585547588765621,0.01223663054406643,0.7273468971252441
1681941489.14078498,47604499,2,0.6859502792358398,-0.011639290489256382,0.012276198714971542,0.727451741695404
1681941489.24075079,47704465,2,0.6858727335929871,-0.011605965904891491,0.01223992183804512,0.7275259494781494
1681941489.34075499,47804469,2,0.6857802867889404,-0.011606230400502682,0.012247216887772083,0.7276130318641663
1681941489.44075680,47904471,2,0.6857438683509827,-0.01161124836653471,0.0122356116771698,0.7276474833488464
1681941489.54081297,48004527,2,0.685737133026123,-0.011624068021774292,0.012253194116055965,0.7276532649993896
1681941489.64081979,48104534,2,0.6856963038444519,-0.011662634089589119,0.012228813953697681,0.7276915311813354
1681941489.74079990,48204514,2,0.6857138276100159,-0.011642226949334145,0.012139623053371906,0.7276768684387207
1681941489.84082794,48304542,2,0.6857063174247742,-0.011692753061652184,0.01213049329817295,0.7276833057403564
1681941489.94076586,48404480,2,0.6857432126998901,-0.011737274937331676,0.012116866186261177,0.7276480793952942
1681941490.04079890,48504513,2,0.6857738494873047,-0.011719884350895882,0.012093099765479565,0.7276198267936707
1681941490.14075899,48604473,2,0.6858217716217041,-0.011748750694096088,0.012088179588317871,0.7275742888450623
1681941490.24075198,48704466,2,0.6859007477760315,-0.011772525496780872,0.012089131399989128,0.7274994254112244
1681941490.34075999,48804474,2,0.6859249472618103,-0.011759903281927109,0.012060275301337242,0.7274773120880127
1681941490.44082785,48904542,2,0.6858822107315063,-0.011794721707701683,0.012054217979311943,0.7275171279907227
1681941490.54081988,49004534,2,0.6858154535293579,-0.01184068527072668,0.012037552893161774,0.7275795936584473
1681941490.64080477,49104519,2,0.6857402324676514,-0.011846590787172318,0.01207674015313387,0.7276497483253479
1681941490.74083591,49204550,2,0.6857709288597107,-0.011807129718363285,0.012060889042913914,0.7276217341423035
1681941490.84078193,49304496,2,0.6857799291610718,-0.011811617761850357,0.012067161500453949,0.727613091468811
1681941490.94078183,49404496,2,0.6858789920806885,-0.011871200054883957,0.012057417072355747,0.7275188565254211
1681941491.04075480,49504469,2,0.6859806776046753,-0.011891704052686691,0.01212069671601057,0.7274215817451477
1681941491.14075494,49604469,2,0.6861476898193359,-0.01189949456602335,0.012144734151661396,0.7272635102272034
1681941491.24075198,49704466,2,0.686286211013794,-0.011912327259778976,0.012140698730945587,0.7271326780319214
1681941491.34083390,49804548,2,0.6864365935325623,-0.011950372718274593,0.012121004052460194,0.7269904017448425
1681941491.44084787,49904562,2,0.6865475177764893,-0.012014645151793957,0.012073792517185211,0.7268854379653931
1681941491.54079485,50004509,2,0.6866604685783386,-0.012063698843121529,0.012088538147509098,0.7267776727676392
1681941491.64083385,50104548,2,0.686707615852356,-0.012107625603675842,0.012088426388800144,0.7267323732376099
1681941491.74078584,50204500,2,0.686721682548523,-0.012147984467446804,0.012108664028346539,0.7267180681228638
1681941491.84078193,50304496,2,0.6866933107376099,-0.012170021422207355,0.01210300624370575,0.7267445921897888
1681941491.94075298,50404467,2,0.6866209506988525,-0.01215441431850195,0.01208175253123045,0.726813554763794
1681941492.04075980,50504474,2,0.6866072416305542,-0.012205870822072029,0.012093457393348217,0.7268254160881042
1681941492.14075184,50604466,2,0.6865416169166565,-0.012228419072926044,0.012057051993906498,0.7268876433372498
1681941492.24081993,50704534,2,0.6865125298500061,-0.012258431874215603,0.012034733779728413,0.7269150018692017
1681941492.34080577,50804520,2,0.6864739060401917,-0.012283669784665108,0.012003473937511444,0.7269515991210938
1681941492.44079685,50904511,2,0.6864448189735413,-0.012287486344575882,0.011987721547484398,0.7269791960716248
1681941492.54084086,51004555,2,0.6864501237869263,-0.012299374677240849,0.012001974508166313,0.726973831653595
1681941492.64077187,51104486,2,0.6864727735519409,-0.012320811860263348,0.012014513835310936,0.7269518375396729
1681941492.74078584,51204500,2,0.6864920258522034,-0.012331383302807808,0.012022056616842747,0.7269333600997925
1681941492.84075189,51304466,2,0.686516523361206,-0.012334248051047325,0.012003174051642418,0.7269104719161987
1681941492.94075489,51404469,2,0.6865330338478088,-0.012341398745775223,0.011981274001300335,0.7268951535224915
1681941493.04075384,51504468,2,0.6865952014923096,-0.012332343496382236,0.011951000429689884,0.7268370985984802
1681941493.14084578,51604560,2,0.6866627335548401,-0.012367421761155128,0.011910446919500828,0.7267733216285706
1681941493.24081898,51704533,2,0.6867521405220032,-0.012383772991597652,0.011882489547133446,0.7266890406608582
1681941493.34084797,51804562,2,0.6867709159851074,-0.012391336262226105,0.011899123899638653,0.7266709208488464
1681941493.44083691,51904551,2,0.6868102550506592,-0.012395437806844711,0.01190714817494154,0.7266334891319275
1681941493.54076385,52004478,2,0.6868230700492859,-0.012416662648320198,0.011911352165043354,0.7266209721565247
1681941493.64079094,52104505,2,0.6869351267814636,-0.012438962236046791,0.01191491074860096,0.7265145778656006
1681941493.74075890,52204473,2,0.6870763897895813,-0.012494039721786976,0.01190025731921196,0.7263802886009216
1681941493.84075284,52304467,2,0.6873219013214111,-0.01248528715223074,0.011917943134903908,0.7261478304862976
1681941493.94076180,52404476,2,0.6875607967376709,-0.012520670890808105,0.011924033984541893,0.7259209156036377
1681941494.04084277,52504557,2,0.6878058314323425,-0.012470216490328312,0.011890101246535778,0.7256901860237122
1681941494.14083791,52604552,2,0.6880170106887817,-0.012518355622887611,0.011937226168811321,0.7254883646965027
1681941494.24080682,52704521,2,0.6881771683692932,-0.012500551529228687,0.01198395062237978,0.725335955619812
1681941494.34083986,52804554,2,0.6881681084632874,-0.012523278594017029,0.011993469670414925,0.7253440022468567
1681941494.44076490,52904479,2,0.6880588531494141,-0.01254895981401205,0.012037995271384716,0.7254464626312256
1681941494.54077196,53004486,2,0.687894880771637,-0.012613048776984215,0.011982184834778309,0.7256017923355103
1681941494.64075494,53104469,2,0.6876866221427917,-0.01259736530482769,0.012019124813377857,0.7257988452911377
1681941494.74075794,53204472,2,0.6874974966049194,-0.01259664911776781,0.011946821585297585,0.725979208946228
1681941494.84075785,53304472,2,0.6872919201850891,-0.012572242878377438,0.011952883563935757,0.7261741161346436
1681941494.94081688,53404531,2,0.6871720552444458,-0.012550115585327148,0.011976217851042747,0.7262876033782959
1681941495.04083896,53504553,2,0.6869843602180481,-0.012565486133098602,0.01194099709391594,0.7264654636383057
1681941495.14079785,53604512,2,0.6868267059326172,-0.012603901326656342,0.012012642808258533,0.7266126275062561
1681941495.24084783,53704562,2,0.6866741180419922,-0.012657023966312408,0.011961151845753193,0.726756751537323
1681941495.34077978,53804494,2,0.6865379214286804,-0.012627653777599335,0.01194379385560751,0.7268862128257751
1681941495.44078779,53904502,2,0.6864442825317383,-0.012639518827199936,0.011905761435627937,0.7269750833511353
1681941495.54075289,54004467,2,0.6863629221916199,-0.0126426350325346,0.011889087036252022,0.7270520925521851
1681941495.64075494,54104469,2,0.6862912774085999,-0.012667703442275524,0.011892811395227909,0.7271192669868469
1681941495.74076676,54204481,2,0.6862263679504395,-0.01268170215189457,0.011893308721482754,0.7271802425384521
1681941495.84082389,54304538,2,0.6861971616744995,-0.01265282928943634,0.011849409900605679,0.7272090315818787
1681941495.94083881,54404553,2,0.6862693428993225,-0.012631445191800594,0.011913098394870758,0.7271402478218079
1681941496.04080176,54504516,2,0.6863051652908325,-0.012616496533155441,0.011910810135304928,0.7271067500114441
1681941496.14083099,54604545,2,0.6863430142402649,-0.012601821683347225,0.011890131048858166,0.7270715832710266
1681941496.24076986,54704484,2,0.686408519744873,-0.012628903612494469,0.01190287433564663,0.7270090579986572
1681941496.34078693,54804501,2,0.6864807605743408,-0.012654393911361694,0.01189057994633913,0.7269405722618103
1681941496.44075298,54904467,2,0.6865164041519165,-0.012608706951141357,0.011867457069456577,0.7269081473350525
1681941496.54075193,55004466,2,0.6864631772041321,-0.01258317194879055,0.01184904482215643,0.7269591093063354
1681941496.64075780,55104472,2,0.6864541172981262,-0.012557405978441238,0.011909089982509613,0.7269670963287354
1681941496.74083495,55204549,2,0.686443030834198,-0.012543425895273685,0.01193950418382883,0.7269773483276367
1681941496.84083295,55304547,2,0.6864194273948669,-0.012537802569568157,0.011892866343259811,0.7270004749298096
1681941496.94080091,55404515,2,0.6863461136817932,-0.012563689611852169,0.011819439940154552,0.7270704507827759
1681941497.04083395,55504548,2,0.6862939596176147,-0.01256199274212122,0.011806659400463104,0.7271199226379395
1681941497.14076996,55604484,2,0.6861814856529236,-0.012558205984532833,0.011773004196584225,0.7272266745567322
1681941497.24078584,55704500,2,0.6861500144004822,-0.012502641417086124,0.011760198511183262,0.7272575497627258
1681941497.34075499,55804469,2,0.6860702633857727,-0.012508527375757694,0.011752737686038017,0.7273328304290771
1681941497.44075489,55904469,2,0.6859790682792664,-0.012505481950938702,0.011751116253435612,0.727418839931488
1681941497.54076195,56004476,2,0.68592768907547,-0.01251145638525486,0.0117462407797575,0.7274673581123352
1681941497.64082789,56104542,2,0.6858738660812378,-0.012521540746092796,0.011691395193338394,0.7275187373161316
1681941497.74081492,56204529,2,0.6858779191970825,-0.012458449229598045,0.011654502712190151,0.7275165915489197
1681941497.84080195,56304516,2,0.6859253644943237,-0.012421310879290104,0.011635890230536461,0.7274727821350098
1681941497.94083381,56404548,2,0.6859812140464783,-0.012469270266592503,0.01163855567574501,0.7274192571640015
1681941498.04077196,56504486,2,0.686090350151062,-0.012434668838977814,0.011625285260379314,0.7273171544075012
1681941498.14078093,56604495,2,0.6861951351165771,-0.012398981489241123,0.011630730703473091,0.7272188663482666
1681941498.24075699,56704471,2,0.6862531304359436,-0.012403221800923347,0.011622531339526176,0.7271641492843628
1681941498.34075499,56804469,2,0.6863335371017456,-0.012392551638185978,0.011618062853813171,0.7270885109901428
1681941498.44075179,56904466,2,0.6864285469055176,-0.012391334399580956,0.011608543805778027,0.7269989848136902
1681941498.54082084,57004535,2,0.6865243911743164,-0.012423751875758171,0.011639883741736412,0.7269074320793152
1681941498.64080787,57104522,2,0.6865979433059692,-0.012458470650017262,0.01165647804737091,0.7268370985984802
1681941498.74080682,57204521,2,0.686653733253479,-0.012418287806212902,0.011666221544146538,0.7267849445343018
1681941498.84084487,57304559,2,0.6867837309837341,-0.012416763231158257,0.011634419672191143,0.7266626358032227
1681941498.94077086,57404485,2,0.6868460178375244,-0.012464985251426697,0.011660244315862656,0.7266024947166443
1681941499.04078484,57504499,2,0.6868734955787659,-0.012446056120097637,0.01164722815155983,0.7265770435333252
1681941499.14075589,57604470,2,0.6868535876274109,-0.012429356575012207,0.011653370223939419,0.7265960574150085
1681941499.24075484,57704469,2,0.6867796182632446,-0.012440960854291916,0.011621670797467232,0.726666271686554
1681941499.34077287,57804487,2,0.6866912245750427,-0.012427586130797863,0.011600756086409092,0.726750373840332
1681941499.44084692,57904561,2,0.6866304874420166,-0.012447014451026917,0.0116176912561059,0.726807177066803
1681941499.54083776,58004552,2,0.6865735054016113,-0.012458562850952148,0.011608014814555645,0.7268609404563904
1681941499.64085293,58104567,2,0.6865300536155701,-0.012481086887419224,0.011600686237215996,0.7269017100334167
1681941499.74084496,58204559,2,0.686442494392395,-0.012473898939788342,0.011596723459661007,0.7269846200942993
1681941499.84076476,58304479,2,0.6863532662391663,-0.012412555515766144,0.011622163467109203,0.7270694971084595
1681941499.94078493,58404499,2,0.6862869262695312,-0.012404631823301315,0.011578653007745743,0.7271329164505005
1681941500.04075885,58504473,2,0.6862013936042786,-0.012421010062098503,0.01159660704433918,0.7272130846977234
1681941500.14075184,58604466,2,0.6861119866371155,-0.012436005286872387,0.011648567393422127,0.7272963523864746
1681941500.24075890,58704473,2,0.6860637068748474,-0.012425013817846775,0.011643501929938793,0.7273421287536621
1681941500.34082484,58804539,2,0.6859983801841736,-0.012379955500364304,0.011567354202270508,0.7274057865142822
1681941500.44082594,58904540,2,0.6859322190284729,-0.012451148591935635,0.011559948325157166,0.7274670600891113
1681941500.54080987,59004524,2,0.6859015226364136,-0.012413372285664082,0.01154465414583683,0.727496862411499
1681941500.64083099,59104545,2,0.685887336730957,-0.012448458932340145,0.011518584564328194,0.7275100946426392
1681941500.74076986,59204484,2,0.6858224272727966,-0.012457594275474548,0.011493518948554993,0.7275715470314026
1681941500.84078979,59304504,2,0.6857219934463501,-0.012394561432301998,0.011437425389885902,0.7276681661605835
1681941500.94074988,59404464,2,0.685599148273468,-0.012402964755892754,0.011467007920145988,0.7277832627296448
1681941501.04075599,59504470,2,0.6854459643363953,-0.01241832785308361,0.011483629234135151,0.727927029132843
1681941501.14076686,59604481,2,0.6853901743888855,-0.012358022853732109,0.011463423259556293,0.72798091173172
1681941501.24082589,59704540,2,0.6853512525558472,-0.01233433373272419,0.011468091048300266,0.7280178666114807
1681941501.34081578,59804530,2,0.6853644847869873,-0.012373101897537708,0.011424305848777294,0.7280054688453674
1681941501.44080186,59904516,2,0.6853963136672974,-0.012365787290036678,0.011389614082872868,0.7279761433601379
1681941501.54084086,60004555,2,0.6854132413864136,-0.012440256774425507,0.011371592059731483,0.7279592156410217
1681941501.64078379,60104498,2,0.6854415535926819,-0.012500007636845112,0.011371824890375137,0.7279314994812012
1681941501.74079776,60204512,2,0.6854662299156189,-0.01252895686775446,0.01134102139621973,0.7279082536697388
1681941501.84076190,60304476,2,0.6855405569076538,-0.012560643255710602,0.01132141798734665,0.7278380393981934
1681941501.94075179,60404466,2,0.6856002807617188,-0.012602935545146465,0.01129146572202444,0.7277814745903015
1681941502.04075789,60504472,2,0.6857271194458008,-0.012629406526684761,0.011239290237426758,0.7276623249053955
1681941502.14082384,60604538,2,0.6858004927635193,-0.012636012397706509,0.011231797747313976,0.727593183517456
1681941502.24081779,60704532,2,0.6858891248703003,-0.012653088197112083,0.011171145364642143,0.7275102734565735
1681941502.34080577,60804520,2,0.6859543919563293,-0.012643651105463505,0.011114691384136677,0.7274497747421265
1681941502.44083881,60904553,2,0.6859714388847351,-0.012614899314939976,0.01109421905130148,0.727434515953064
1681941502.54076576,61004480,2,0.6859838366508484,-0.012616497464478016,0.011080771684646606,0.7274230122566223
1681941502.64078498,61104499,2,0.6859928369522095,-0.01263407338410616,0.011076373979449272,0.7274143099784851
1681941502.74075580,61204470,2,0.6859723925590515,-0.012668752111494541,0.011063151061534882,0.7274331450462341
1681941502.84075594,61304470,2,0.6859564185142517,-0.012678548693656921,0.01108827255666256,0.7274476289749146
1681941502.94075990,61404474,2,0.68593430519104,-0.012698663398623466,0.011005883105099201,0.7274694442749023
1681941503.04083586,61504550,2,0.6859127283096313,-0.012723738327622414,0.010990026406943798,0.7274895310401917
1681941503.14083886,61604553,2,0.6858804821968079,-0.012731805443763733,0.010969041846692562,0.7275201082229614
1681941503.24080181,61704516,2,0.6858590245246887,-0.012773518450558186,0.010952666401863098,0.7275398373603821
1681941503.34084392,61804558,2,0.6858893632888794,-0.012769358232617378,0.010937229730188847,0.7275115847587585
1681941503.44077897,61904493,2,0.6859304308891296,-0.012739662081003189,0.010895182378590107,0.7274739742279053
1681941503.54078984,62004504,2,0.6860176920890808,-0.01268711220473051,0.01084853895008564,0.7273933291435242
1681941503.64076591,62104480,2,0.686091423034668,-0.01266595721244812,0.010840222239494324,0.7273243069648743
1681941503.74076676,62204481,2,0.6861009001731873,-0.012646093033254147,0.010850360617041588,0.7273155450820923
1681941503.84075379,62304468,2,0.6860222220420837,-0.012700296007096767,0.010850354097783566,0.7273887991905212
1681941503.94084477,62404559,2,0.6858858466148376,-0.012711741030216217,0.010875481180846691,0.7275168299674988
1681941504.04081297,62504527,2,0.6857151389122009,-0.012687708251178265,0.01086242776364088,0.7276783585548401
1681941504.14080286,62604517,2,0.6856332421302795,-0.012697575613856316,0.010893474332988262,0.7277548909187317
1681941504.24083996,62704554,2,0.6856280565261841,-0.012701618485152721,0.010898696258664131,0.7277596592903137
1681941504.34078383,62804498,2,0.6856572031974792,-0.012706577777862549,0.010927276685833931,0.7277316451072693
1681941504.44078493,62904499,2,0.685734748840332,-0.012669931165874004,0.010965743102133274,0.7276586294174194
1681941504.54076099,63004475,2,0.6858338117599487,-0.012658070772886276,0.010943613015115261,0.7275657653808594
1681941504.64075398,63104468,2,0.6859292984008789,-0.012662552297115326,0.01095069944858551,0.7274755835533142
1681941504.74076390,63204478,2,0.6859627962112427,-0.012635096907615662,0.010953761637210846,0.7274444103240967
1681941504.84084988,63304564,2,0.6859630346298218,-0.012544645927846432,0.010947723872959614,0.7274458408355713
1681941504.94083595,63404550,2,0.6859615445137024,-0.012514299713075161,0.010960014536976814,0.7274476289749146
1681941505.04079700,63504511,2,0.6859588027000427,-0.012493245303630829,0.011010121554136276,0.7274497747421265
1681941505.14084387,63604558,2,0.6859859824180603,-0.012490908615291119,0.011066537350416183,0.7274233102798462
1681941505.24076676,63704481,2,0.6860154271125793,-0.012520377524197102,0.011128700338304043,0.727394163608551
1681941505.34079194,63804506,2,0.6860849857330322,-0.012499012053012848,0.011188266798853874,0.7273279428482056
1681941505.44076777,63904482,2,0.6862098574638367,-0.012554512359201908,0.01127699762582779,0.7272078394889832
1681941505.54075885,64004473,2,0.6862953901290894,-0.01253120880573988,0.011318046599626541,0.7271268367767334
1681941505.64075494,64104469,2,0.6863719820976257,-0.012451996095478535,0.011352275498211384,0.7270554304122925
1681941505.74085879,64204573,2,0.6863970756530762,-0.012410315684974194,0.011401565745472908,0.7270317077636719
1681941505.84081888,64304533,2,0.6864219307899475,-0.012383698485791683,0.011364087462425232,0.7270092368125916
1681941505.94079494,64404509,2,0.6864252686500549,-0.012351110577583313,0.011409341357648373,0.7270058989524841
1681941506.04083395,64504548,2,0.6864516735076904,-0.012345053255558014,0.011454090476036072,0.7269803881645203
1681941506.14078283,64604497,2,0.686436116695404,-0.012345027178525925,0.011423535645008087,0.726995587348938
1681941506.24078393,64704498,2,0.6864045262336731,-0.012324369512498379,0.011507365852594376,0.7270244359970093
1681941506.34075499,64804469,2,0.6863999366760254,-0.012306752614676952,0.011557172983884811,0.7270282506942749
1681941506.44075584,64904470,2,0.6864380240440369,-0.012264796532690525,0.011648762039840221,0.7269915342330933
1681941506.54075193,65004466,2,0.6864339113235474,-0.012250945903360844,0.011690834537148476,0.7269949913024902
1681941506.64082479,65104539,2,0.6864960193634033,-0.012242702767252922,0.01169152557849884,0.7269364595413208
1681941506.74080896,65204523,2,0.6865519881248474,-0.012279542163014412,0.011791943572461605,0.7268813848495483
1681941506.84079790,65304512,2,0.6866447329521179,-0.01228449959307909,0.011842373758554459,0.7267928719520569
1681941506.94082785,65404542,2,0.6867386102676392,-0.012276945635676384,0.011887229047715664,0.7267035245895386
1681941507.04076695,65504481,2,0.6868526935577393,-0.012283931486308575,0.011965149082243443,0.7265943288803101
1681941507.14079976,65604514,2,0.6870223879814148,-0.012265005148947239,0.012020174413919449,0.726433277130127
1681941507.24076486,65704479,2,0.6871857643127441,-0.0122658247128129,0.012099714949727058,0.7262774109840393
1681941507.34075689,65804471,2,0.687346875667572,-0.01223710086196661,0.012155777774751186,0.7261244654655457
1681941507.44075894,65904473,2,0.6874841451644897,-0.01225668378174305,0.012176723219454288,0.7259938716888428
1681941507.54083490,66004549,2,0.687591016292572,-0.012285279110074043,0.012244458310306072,0.7258909940719604
1681941507.64084077,66104555,2,0.6876540780067444,-0.012212386354804039,0.012253720313310623,0.7258323431015015
1681941507.74080682,66204521,2,0.6877260208129883,-0.012184741906821728,0.01229076087474823,0.7257640361785889
1681941507.84084797,66304562,2,0.6878137588500977,-0.012198778800666332,0.012312611564993858,0.7256802320480347
1681941507.94078588,66404500,2,0.6878929138183594,-0.012179480865597725,0.012371107935905457,0.7256045341491699
1681941508.04078794,66504502,2,0.687951922416687,-0.012153995223343372,0.012317059561610222,0.7255499362945557
1681941508.14076090,66604475,2,0.6879975199699402,-0.01212797686457634,0.012349789962172508,0.7255065441131592
1681941508.24075198,66704466,2,0.6880554556846619,-0.012137661688029766,0.012414985336363316,0.7254503965377808
1681941508.34075379,66804468,2,0.6881183981895447,-0.012150611728429794,0.012364061549305916,0.7253913283348083
1681941508.44083285,66904547,2,0.6881864666938782,-0.012153012678027153,0.012364774942398071,0.725326657295227
1681941508.54082394,67004538,2,0.6882407665252686,-0.012144104577600956,0.012368731200695038,0.7252752184867859
1681941508.64079690,67104511,2,0.6883036494255066,-0.012124642729759216,0.012444984167814255,0.7252146005630493
1681941508.74084091,67204555,2,0.6883791089057922,-0.012120569124817848,0.012489757500588894,0.725142240524292
1681941508.84078097,67304495,2,0.6884341835975647,-0.012063330039381981,0.012482833117246628,0.7250910401344299
1681941508.94078779,67404502,2,0.6884509325027466,-0.012032825499773026,0.012456953525543213,0.7250760793685913
1681941509.04076481,67504479,2,0.6884955763816833,-0.012034138664603233,0.012486996129155159,0.725033164024353
1681941509.14075494,67604469,2,0.6885355114936829,-0.011984340846538544,0.012524319812655449,0.7249954342842102
1681941509.24076295,67704477,2,0.6885968446731567,-0.012010466307401657,0.012551503255963326,0.724936306476593
1681941509.34083796,67804552,2,0.6886153817176819,-0.012036358937621117,0.012568093836307526,0.7249179482460022
1681941509.44081688,67904531,2,0.6886205673217773,-0.01203380711376667,0.012586248107254505,0.724912703037262
1681941509.54079390,68004508,2,0.6885896921157837,-0.012056251056492329,0.012572131119668484,0.7249419689178467
1681941509.64082885,68104543,2,0.6885213255882263,-0.012100412510335445,0.012612441554665565,0.7250054478645325
1681941509.74077392,68204488,2,0.688433825969696,-0.01211911253631115,0.012599792331457138,0.7250884175300598
1681941509.84078193,68304496,2,0.6883820295333862,-0.012109766714274883,0.012536780908703804,0.7251389026641846
1681941509.94075298,68404467,2,0.6883993744850159,-0.012038933113217354,0.012534179724752903,0.7251235842704773
1681941510.04075694,68504471,2,0.6883566975593567,-0.01200076099485159,0.012484303675591946,0.725165605545044
1681941510.14075994,68604474,2,0.6883850693702698,-0.011957701295614243,0.012469789013266563,0.7251396179199219
1681941510.24083376,68704548,2,0.6883458495140076,-0.011922450736165047,0.012446603737771511,0.7251778244972229
1681941510.34084177,68804556,2,0.6883328557014465,-0.01189621351659298,0.012453781440854073,0.7251905202865601
1681941510.44079685,68904511,2,0.6883712410926819,-0.011803907342255116,0.012430191971361637,0.7251559495925903
1681941510.54083300,69004547,2,0.6883679032325745,-0.011785286478698254,0.012432449497282505,0.7251594066619873
1681941510.64077091,69104485,2,0.6883453726768494,-0.011786583811044693,0.01244826428592205,0.7251805067062378
1681941510.74078679,69204501,2,0.6883096694946289,-0.011731291189789772,0.01236728485673666,0.7252166271209717
1681941510.84076786,69304482,2,0.6882767677307129,-0.01168238464742899,0.0123301325365901,0.7252493500709534
1681941510.94075394,69404468,2,0.6882224678993225,-0.01166975311934948,0.012324348092079163,0.7253011465072632
1681941511.04075694,69504471,2,0.6882094740867615,-0.011642157100141048,0.012336671352386475,0.7253137230873108
1681941511.14082885,69604543,2,0.6881822347640991,-0.011603225953876972,0.012347172945737839,0.7253400087356567
1681941511.24083877,69704553,2,0.6881362199783325,-0.01162838377058506,0.01227116584777832,0.725384533405304
1681941511.34080386,69804518,2,0.6881111860275269,-0.01162809133529663,0.012249208986759186,0.725408673286438
1681941511.44083881,69904553,2,0.688092052936554,-0.01165210921317339,0.012254159897565842,0.7254263162612915
1681941511.54076982,70004484,2,0.6881258487701416,-0.01161841582506895,0.012247028760612011,0.7253949642181396
1681941511.64080286,70104517,2,0.6880697011947632,-0.011572708375751972,0.012236612848937511,0.7254491448402405
1681941511.74076891,70204483,2,0.6879662275314331,-0.011546020396053791,0.012213977053761482,0.7255480885505676
1681941511.84075284,70304467,2,0.6878547668457031,-0.011475792154669762,0.012220458127558231,0.7256547212600708
1681941511.94079089,70404505,2,0.6877598762512207,-0.011386153288185596,0.012247630394995213,0.7257456183433533
1681941512.04083681,70504551,2,0.6876428723335266,-0.011344349943101406,0.012208408676087856,0.7258577942848206
1681941512.14082384,70604538,2,0.6875477433204651,-0.011291531845927238,0.012206889688968658,0.7259487509727478
1681941512.24080276,70704517,2,0.6874740719795227,-0.011284477077424526,0.01213154662400484,0.7260199189186096
1681941512.34084487,70804559,2,0.6874045133590698,-0.011261837556958199,0.012066403403878212,0.726087212562561
1681941512.44076991,70904484,2,0.6874024868011475,-0.011260518804192543,0.012044289149343967,0.7260894775390625
1681941512.54078794,71004502,2,0.6873747110366821,-0.01123499870300293,0.011995225213468075,0.726116955280304
1681941512.64076090,71104475,2,0.6873793005943298,-0.011221674270927906,0.011983737349510193,0.7261130809783936
1681941512.74076080,71204475,2,0.6873639225959778,-0.01126641221344471,0.011916308663785458,0.7261280417442322
1681941512.84076095,71304475,2,0.6874018311500549,-0.011220685206353664,0.01193755678832531,0.726092517375946
1681941512.94082689,71404541,2,0.6873544454574585,-0.011223041452467442,0.011913192458450794,0.7261377573013306
1681941513.04082584,71504540,2,0.6873292326927185,-0.011206837370991707,0.011930877342820168,0.726161539554596
1681941513.14080286,71604517,2,0.6872905492782593,-0.011287239380180836,0.011927018873393536,0.7261970043182373
1681941513.24082398,71704538,2,0.6872550249099731,-0.011314792558550835,0.011869051493704319,0.7262310981750488
1681941513.34077477,71804489,2,0.6872002482414246,-0.011295209638774395,0.011865466833114624,0.7262833118438721
1681941513.44079185,71904506,2,0.6871064901351929,-0.011316253803670406,0.011863866820931435,0.726371705532074
1681941513.54075789,72004472,2,0.6870170831680298,-0.011303829960525036,0.011783448979258537,0.7264577746391296
1681941513.64075685,72104471,2,0.686947226524353,-0.011320516467094421,0.011716234497725964,0.7265246510505676
1681941513.74076295,72204477,2,0.6869146227836609,-0.011347554624080658,0.011748957447707653,0.7265545129776001
1681941513.84083676,72304551,2,0.6868882775306702,-0.01133721973747015,0.011749419383704662,0.7265796065330505
1681941513.94082379,72404538,2,0.6868533492088318,-0.011364337988197803,0.011749085038900375,0.7266122102737427
1681941514.04080296,72504517,2,0.6867737174034119,-0.011404836550354958,0.011693107895553112,0.7266877293586731
1681941514.14084387,72604558,2,0.6866874098777771,-0.011450480669736862,0.011726964265108109,0.7267680168151855
1681941514.24079084,72704505,2,0.6864740252494812,-0.011502237990498543,0.011692414991557598,0.7269693613052368
1681941514.34079885,72804513,2,0.6863260865211487,-0.011543409898877144,0.011765300296247005,0.7271071672439575
1681941514.44075894,72904473,2,0.6861752271652222,-0.011507624760270119,0.011781065724790096,0.7272498607635498
1681941514.54076886,73004483,2,0.6860103607177734,-0.011530030518770218,0.011776563711464405,0.7274051308631897
1681941514.64076495,73104479,2,0.6858997344970703,-0.011566715314984322,0.011744855903089046,0.7275093197822571
1681941514.74086595,73204580,2,0.6858693361282349,-0.011546995490789413,0.011699585244059563,0.7275390028953552
1681941514.84084678,73304561,2,0.6857683658599854,-0.01158902421593666,0.01170175801962614,0.7276334762573242
1681941514.94080687,73404521,2,0.6856448650360107,-0.011596884578466415,0.011723094619810581,0.7277494072914124
1681941515.04084897,73504563,2,0.6855759620666504,-0.011586093343794346,0.011751174926757812,0.7278140187263489
1681941515.14077377,73604488,2,0.6855573058128357,-0.011558755300939083,0.011747653596103191,0.7278321385383606
1681941515.24079490,73704509,2,0.6855551600456238,-0.011577329598367214,0.011758847162127495,0.72783362865448
1681941515.34075999,73804474,2,0.6855391263961792,-0.011576860211789608,0.011801280081272125,0.7278480529785156
1681941515.44076681,73904481,2,0.6854918003082275,-0.011545304208993912,0.011781392619013786,0.7278934717178345
1681941515.54075885,74004473,2,0.685404896736145,-0.011611884459853172,0.011738146655261517,0.7279749512672424
1681941515.64084196,74104556,2,0.6853117346763611,-0.011589462868869305,0.011717738583683968,0.7280633449554443
1681941515.74085283,74204567,2,0.6851872801780701,-0.011607503518462181,0.011727088131010532,0.7281800508499146
1681941515.84079885,74304513,2,0.685107946395874,-0.011617220938205719,0.011693435721099377,0.728255033493042
1681941515.94083285,74404547,2,0.6850019693374634,-0.011672662571072578,0.011649775318801403,0.7283545136451721
1681941516.04077196,74504486,2,0.684928834438324,-0.011667454615235329,0.011638189665973186,0.7284235954284668
1681941516.14079285,74604507,2,0.6848470568656921,-0.011674678884446621,0.011598853394389153,0.7285009622573853
1681941516.24075890,74704473,2,0.6847783923149109,-0.011689210310578346,0.011633053421974182,0.7285647392272949
1681941516.34075689,74804471,2,0.6847454309463501,-0.011706658639013767,0.011580250225961208,0.7285962700843811
1681941516.44075489,74904469,2,0.6847121119499207,-0.01173861138522625,0.011585753411054611,0.7286269664764404
1681941516.54085088,75004565,2,0.6847043633460999,-0.01180394645780325,0.011563841253519058,0.7286335825920105
1681941516.64083886,75104553,2,0.6846323609352112,-0.011844665743410587,0.01156497560441494,0.7287005186080933
1681941516.74079776,75204512,2,0.6846004724502563,-0.011931740678846836,0.011585262604057789,0.7287287712097168
1681941516.84084082,75304555,2,0.6845592856407166,-0.011953594163060188,0.011588195338845253,0.7287670373916626
1681941516.94076777,75404482,2,0.6845884323120117,-0.011956064030528069,0.011563807725906372,0.7287400364875793
1681941517.04078388,75504498,2,0.6845990419387817,-0.012033986859023571,0.011649374850094318,0.728727400302887
1681941517.14076090,75604475,2,0.6846084594726562,-0.012076961807906628,0.011714581400156021,0.7287167906761169
1681941517.24075294,75704467,2,0.6846238374710083,-0.012132122181355953,0.011779217049479485,0.7287003397941589
1681941517.34076381,75804478,2,0.6846123933792114,-0.01217492576688528,0.011818706057965755,0.7287098169326782
1681941517.44083977,75904554,2,0.6846503019332886,-0.012224946171045303,0.011872542090713978,0.7286725044250488
1681941517.54082799,76004542,2,0.6846890449523926,-0.012315599247813225,0.011921600438654423,0.7286337614059448
1681941517.64079499,76104509,2,0.6847864389419556,-0.012376699596643448,0.012018639594316483,0.7285395264625549
1681941517.74083781,76204552,2,0.6849004626274109,-0.012426171451807022,0.012121234089136124,0.7284298539161682
1681941517.84076786,76304482,2,0.6849552989006042,-0.012516571208834648,0.012199188582599163,0.7283753752708435
1681941517.94078994,76404504,2,0.6850197911262512,-0.012604772113263607,0.012305132113397121,0.7283114790916443
1681941518.04075694,76504471,2,0.685029149055481,-0.012714656069874763,0.012375880032777786,0.7282995581626892
1681941518.14075685,76604471,2,0.685015082359314,-0.012785366736352444,0.012467878870666027,0.7283099889755249
1681941518.24075985,76704474,2,0.6849732398986816,-0.012893320061266422,0.012541701085865498,0.7283461689949036
1681941518.34084487,76804559,2,0.6849605441093445,-0.012902560643851757,0.012638071551918983,0.7283563017845154
1681941518.44082093,76904535,2,0.6848940849304199,-0.012964315712451935,0.012784246355295181,0.7284150719642639
1681941518.54080677,77004521,2,0.6848625540733337,-0.013069640845060349,0.012913885526359081,0.7284405827522278
1681941518.64083886,77104553,2,0.684839129447937,-0.013123348355293274,0.013029859401285648,0.7284595966339111
1681941518.74077392,77204488,2,0.6847732663154602,-0.01317751593887806,0.013095843605697155,0.7285193800926208
1681941518.84078383,77304498,2,0.6847500801086426,-0.013240201398730278,0.013235335238277912,0.7285374999046326
1681941518.94075799,77404472,2,0.6847365498542786,-0.013295385986566544,0.013341949321329594,0.728547215461731
1681941519.04075789,77504472,2,0.6847274899482727,-0.01337565016001463,0.013438904657959938,0.728552520275116
1681941519.14075589,77604470,2,0.6847153306007385,-0.01342720165848732,0.013548046350479126,0.7285609245300293
1681941519.24082088,77704535,2,0.6847244501113892,-0.013450553640723228,0.013648959808051586,0.7285500764846802
1681941519.34081984,77804534,2,0.6847589015960693,-0.013471998274326324,0.01373123750090599,0.7285157442092896
1681941519.44080591,77904520,2,0.6847441792488098,-0.013522508554160595,0.013853676617145538,0.7285263538360596
1681941519.54083180,78004546,2,0.684744656085968,-0.013513744808733463,0.01392755750566721,0.7285246253013611
1681941519.64076495,78104479,2,0.6848003268241882,-0.013607456348836422,0.013998397625982761,0.72846919298172
1681941519.74078989,78204504,2,0.6848856210708618,-0.013655480928719044,0.014101287350058556,0.7283861637115479
1681941519.84075189,78304466,2,0.6849786639213562,-0.013713397085666656,0.014165696687996387,0.7282962799072266
1681941519.94075179,78404466,2,0.6850920915603638,-0.01377351488918066,0.014316748827695847,0.7281854748725891
1681941520.04076099,78504475,2,0.6851242780685425,-0.013863421976566315,0.014430554583668709,0.728151261806488
1681941520.14083290,78604547,2,0.6851144433021545,-0.013909157365560532,0.014550957828760147,0.7281572818756104
1681941520.24081993,78704534,2,0.6850395202636719,-0.013969728723168373,0.014630874618887901,0.7282249927520752
1681941520.34080791,78804522,2,0.684951901435852,-0.013987375423312187,0.014778988435864449,0.7283040285110474
1681941520.44084382,78904558,2,0.68490070104599,-0.014073103666305542,0.014923599548637867,0.7283475995063782
1681941520.54076576,79004480,2,0.6848445534706116,-0.01412027794867754,0.015000101178884506,0.7283979654312134
1681941520.64078689,79104501,2,0.6848371624946594,-0.01418797206133604,0.01509493961930275,0.7284016013145447
1681941520.74076295,79204477,2,0.6848601698875427,-0.014288595877587795,0.015168040990829468,0.7283765077590942
1681941520.84075499,79304469,2,0.6849282383918762,-0.014381066896021366,0.015283383429050446,0.7283082604408264
1681941520.94076276,79404477,2,0.6850137710571289,-0.014472383074462414,0.015341609716415405,0.7282247543334961
1681941521.04081583,79504530,2,0.6851004362106323,-0.014487503096461296,0.01537287700921297,0.7281423211097717
1681941521.14083695,79604551,2,0.6851731538772583,-0.014536360278725624,0.01545656006783247,0.7280710935592651
1681941521.24079490,79704509,2,0.6852419376373291,-0.014521942473948002,0.015594497323036194,0.728003740310669
1681941521.34085083,79804565,2,0.6853087544441223,-0.014581176452338696,0.01566866599023342,0.7279379963874817
1681941521.44077182,79904486,2,0.6853351593017578,-0.014567529782652855,0.015749230980873108,0.7279117107391357
1681941521.54078388,80004498,2,0.6853905916213989,-0.014523787423968315,0.015834098681807518,0.7278585433959961
1681941521.64075494,80104469,2,0.6854326128959656,-0.014508293941617012,0.015864748507738113,0.7278186082839966
1681941521.74075794,80204472,2,0.6854190230369568,-0.01450605969876051,0.0158068910241127,0.7278327345848083
1681941521.84075189,80304466,2,0.6854553818702698,-0.014533555135130882,0.015809493139386177,0.7277978658676147
1681941521.94083285,80404547,2,0.6855046153068542,-0.014605117030441761,0.01576414331793785,0.7277510762214661
1681941522.04082298,80504537,2,0.6856241822242737,-0.014652382582426071,0.015728887170553207,0.7276381850242615
1681941522.14080286,80604517,2,0.6856629252433777,-0.014645284041762352,0.01570793427526951,0.7276023626327515
1681941522.24084091,80704555,2,0.6857401728630066,-0.014627907425165176,0.01570398360490799,0.7275299429893494
1681941522.34077477,80804489,2,0.6858378052711487,-0.014661195687949657,0.015622155740857124,0.7274389863014221
1681941522.44079280,80904507,2,0.6858513355255127,-0.01467932853847742,0.015567482449114323,0.727427065372467
1681941522.54075599,81004470,2,0.6858600974082947,-0.014704415574669838,0.015507202595472336,0.7274195551872253
1681941522.64076495,81104479,2,0.6858466267585754,-0.014712972566485405,0.015435993671417236,0.7274336218833923
1681941522.74075794,81204472,2,0.6858901381492615,-0.014709376730024815,0.015405647456645966,0.7273932695388794
1681941522.84083986,81304554,2,0.6859161853790283,-0.014808595180511475,0.015264187939465046,0.7273696660995483
1681941522.94082379,81404538,2,0.6859684586524963,-0.014806298539042473,0.015232047997415066,0.7273210883140564
1681941523.04080486,81504519,2,0.6860281229019165,-0.014827946200966835,0.01510391104966402,0.7272670865058899
1681941523.14083886,81604553,2,0.686126708984375,-0.014815904200077057,0.015050504356622696,0.7271754145622253
1681941523.24076676,81704481,2,0.6861416697502136,-0.014847381971776485,0.014959034509956837,0.7271625399589539
1681941523.34078693,81804501,2,0.6862228512763977,-0.014866997487843037,0.014921457506716251,0.7270863056182861
1681941523.44076777,81904482,2,0.6862704157829285,-0.0148913050070405,0.014877988025546074,0.7270418405532837
1681941523.54076099,82004475,2,0.6862908005714417,-0.014921891503036022,0.014855881221592426,0.7270224094390869
1681941523.64075089,82104465,2,0.6863534450531006,-0.014899482019245625,0.01487281545996666,0.7269634008407593
1681941523.74083996,82204554,2,0.6864470839500427,-0.014928396791219711,0.01481122337281704,0.7268756031990051
1681941523.84081292,82304527,2,0.6865121722221375,-0.014936649240553379,0.014785651117563248,0.7268145084381104
1681941523.94080496,82404519,2,0.6865997314453125,-0.014931723475456238,0.014727466739714146,0.7267330288887024
1681941524.04083896,82504553,2,0.6867035627365112,-0.014940044842660427,0.014676917344331741,0.7266358137130737
1681941524.14076877,82604483,2,0.6868178844451904,-0.014914656057953835,0.014618379063904285,0.7265294790267944
1681941524.24078679,82704501,2,0.6868545413017273,-0.01488194428384304,0.014550210908055305,0.7264968156814575
1681941524.34075594,82804470,2,0.6868880987167358,-0.014878678135573864,0.01447995100170374,0.7264665961265564
1681941524.44075394,82904468,2,0.6868929266929626,-0.01491954643279314,0.014424105174839497,0.7264623045921326
1681941524.54076982,83004484,2,0.6868951916694641,-0.014927512966096401,0.01433423813432455,0.7264617681503296
1681941524.64082479,83104539,2,0.6868808269500732,-0.014980901032686234,0.014268179424107075,0.7264755964279175
1681941524.74083686,83204551,2,0.6868839263916016,-0.01504433061927557,0.014193384908139706,0.7264727354049683
1681941524.84080696,83304521,2,0.686926007270813,-0.015110398642718792,0.014236857183277607,0.7264307737350464
1681941524.94083476,83404549,2,0.686926543712616,-0.01511306781321764,0.014230318367481232,0.726430356502533
1681941525.04076695,83504481,2,0.6869667768478394,-0.01518719270825386,0.014242328703403473,0.7263904809951782
1681941525.14078784,83604502,2,0.6870010495185852,-0.015195122919976711,0.014224287122488022,0.7263582944869995
1681941525.24075389,83704468,2,0.6870324015617371,-0.015193670988082886,0.014230144210159779,0.7263285517692566
1681941525.34076095,83804475,2,0.6870549321174622,-0.015162099152803421,0.014252398163080215,0.7263074517250061
1681941525.44075680,83904471,2,0.6870828866958618,-0.01512598991394043,0.014265116304159164,0.7262815237045288
1681941525.54083991,84004554,2,0.6871238350868225,-0.01515628769993782,0.01425454393029213,0.7262423038482666
1681941525.64082098,84104535,2,0.6871337294578552,-0.015163585543632507,0.01425163820385933,0.7262328863143921
1681941525.74080181,84204516,2,0.6871268153190613,-0.01514953188598156,0.014282233081758022,0.7262390851974487
1681941525.84083891,84304553,2,0.687168300151825,-0.015138646587729454,0.014224262908101082,0.7262012362480164
1681941525.94076681,84404481,2,0.6871986985206604,-0.015167094767093658,0.014244942925870419,0.7261714339256287
1681941526.04079199,84504506,2,0.68721604347229,-0.015212352387607098,0.014240356162190437,0.7261541485786438
1681941526.14075780,84604472,2,0.6872194409370422,-0.015256533399224281,0.014229673892259598,0.7261502146720886
1681941526.24075294,84704467,2,0.6872830986976624,-0.01527339592576027,0.014218169264495373,0.7260898351669312
1681941526.34076595,84804480,2,0.6873300075531006,-0.015252923592925072,0.01420165877789259,0.7260462045669556
1681941526.44082999,84904544,2,0.6873227953910828,-0.01521424762904644,0.01416006125509739,0.7260546684265137
1681941526.54082179,85004536,2,0.6872748732566833,-0.015202685259282589,0.01407609973102808,0.7261019349098206
1681941526.64080477,85104519,2,0.6872586011886597,-0.015202505514025688,0.014057663269340992,0.7261176705360413
1681941526.74085188,85204566,2,0.6872577667236328,-0.01520507875829935,0.014019397087395191,0.7261191606521606
1681941526.84077191,85304486,2,0.6872167587280273,-0.015201712027192116,0.014015303924679756,0.726158082485199
1681941526.94078994,85404504,2,0.687255859375,-0.015250088647007942,0.01398810837417841,0.72612065076828
1681941527.04077077,85504485,2,0.6872736215591431,-0.015211517922580242,0.014031494036316872,0.7261037826538086
1681941527.14076495,85604479,2,0.6873292922973633,-0.015220791101455688,0.013976486399769783,0.726051926612854
1681941527.24075198,85704466,2,0.687040388584137,-0.015201058238744736,0.013962694443762302,0.7263259887695312
1681941527.34084177,85804556,2,0.68729567527771,-0.0152784688398242,0.014042998664081097,0.7260812520980835
1681941527.44081593,85904530,2,0.6873165369033813,-0.015327355824410915,0.014093064703047276,0.7260595560073853
1681941527.54080176,86004516,2,0.6873674392700195,-0.015306759625673294,0.014061935245990753,0.7260123491287231
1681941527.64083695,86104551,2,0.6872744560241699,-0.015308979898691177,0.014057557098567486,0.7261004447937012
1681941527.74077582,86204490,2,0.6874434947967529,-0.015388399362564087,0.014069023542106152,0.7259384989738464
1681941527.84079385,86304508,2,0.687471866607666,-0.01535568106919527,0.014006095938384533,0.7259135246276855
1681941527.94075179,86404466,2,0.6875517964363098,-0.01535733975470066,0.014035466127097607,0.725837230682373
1681941528.04075289,86504467,2,0.6876803040504456,-0.015365713275969028,0.014072920195758343,0.7257145643234253
1681941528.14075184,86604466,2,0.6877948045730591,-0.015340467914938927,0.01405806839466095,0.7256068587303162
1681941528.24082780,86704542,2,0.6879078149795532,-0.01534318644553423,0.014008022844791412,0.7255006432533264
1681941528.34082079,86804535,2,0.6880461573600769,-0.01530719455331564,0.013958947733044624,0.7253711819648743
1681941528.44080377,86904518,2,0.6881730556488037,-0.015241722576320171,0.01391373760998249,0.7252529859542847
1681941528.54083991,87004554,2,0.6882779002189636,-0.015238989144563675,0.01391101349145174,0.7251536250114441
1681941528.64076877,87104483,2,0.688370406627655,-0.015158561058342457,0.013942013494670391,0.7250669002532959
1681941528.74078679,87204501,2,0.6884557008743286,-0.015169676393270493,0.013872575014829636,0.7249870300292969
1681941528.84075999,87304474,2,0.6883861422538757,-0.015015392564237118,0.013919741846621037,0.7250553965568542
1681941528.94075179,87404466,2,0.6882820725440979,-0.01519183162599802,0.014011355116963387,0.7251487374305725
1681941529.04075480,87504469,2,0.6885775923728943,-0.015028182417154312,0.013832462951540947,0.7248749732971191
1681941529.14083576,87604550,2,0.6879814267158508,-0.015107271261513233,0.013849340379238129,0.7254388332366943
1681941529.24081683,87704531,2,0.6884863376617432,-0.015077454037964344,0.013698244467377663,0.7249631881713867
1681941529.34085679,87804571,2,0.6878842115402222,-0.015183387324213982,0.013854804448783398,0.7255293130874634
1681941529.44083691,87904551,2,0.6881750822067261,-0.014880378730595112,0.01357346586883068,0.7252650260925293
1681941529.54076576,88004480,2,0.6882174611091614,-0.015032751485705376,0.013671793043613434,0.7252198457717896
1681941529.64078188,88104496,2,0.6879544854164124,-0.0149369603022933,0.013582446612417698,0.7254729270935059
1681941529.74075699,88204471,2,0.6880570650100708,-0.01483545545488596,0.013435338623821735,0.7253804802894592
1681941529.84075785,88304472,2,0.688281774520874,-0.014910156838595867,0.013545858673751354,0.7251636981964111
1681941529.94076180,88404476,2,0.687760591506958,-0.01488068699836731,0.013455205596983433,0.7256603240966797
1681941530.04083300,88504547,2,0.6880648136138916,-0.014824459329247475,0.013343824073672295,0.7253751158714294
1681941530.14081979,88604534,2,0.68812096118927,-0.01484706811606884,0.013458586297929287,0.7253192067146301
1681941530.24080491,88704519,2,0.6881220936775208,-0.014605995267629623,0.013311655260622501,0.7253257632255554
1681941530.34083986,88804554,2,0.6881385445594788,-0.014629038982093334,0.013303193263709545,0.7253098487854004
1681941530.44076991,88904484,2,0.688073456287384,-0.014733082614839077,0.013317466713488102,0.7253692150115967
1681941530.54078698,89004501,2,0.6880550384521484,-0.014649922959506512,0.013184829615056515,0.7253907918930054
1681941530.64074993,89104464,2,0.6880425810813904,-0.014672876335680485,0.013208570890128613,0.7254016995429993
1681941530.74075389,89204468,2,0.6879388689994812,-0.014543721452355385,0.013142351061105728,0.7255039215087891
1681941530.84075499,89304469,2,0.6878761053085327,-0.014573616907000542,0.013082374818623066,0.7255638837814331
1681941530.94084787,89404562,2,0.6877608299255371,-0.014612232334911823,0.013077895157039165,0.7256724238395691
1681941531.04083586,89504550,2,0.6876775622367859,-0.014450705610215664,0.012974189594388008,0.7257564663887024
1681941531.14081097,89604525,2,0.6876640319824219,-0.014385108835995197,0.01304662600159645,0.7257692813873291
1681941531.24084377,89704558,2,0.6875446438789368,-0.014334066770970821,0.013046318665146828,0.725883424282074
1681941531.34076977,89804484,2,0.6874465346336365,-0.014467059634625912,0.013049336150288582,0.7259736061096191
1681941531.44079590,89904510,2,0.6874075531959534,-0.014542847871780396,0.013084123842418194,0.726008415222168
1681941531.54076099,90004475,2,0.6874104142189026,-0.014430717565119267,0.012968228198587894,0.7260099649429321
1681941531.64075184,90104466,2,0.6875199675559998,-0.014365914277732372,0.012997490353882313,0.7259069681167603
1681941531.74076200,90204476,2,0.6874483227729797,-0.01449283305555582,0.013032441958785057,0.7259716987609863
1681941531.84083080,90304545,2,0.6874263286590576,-0.01437442284077406,0.013037665747106075,0.7259947657585144
1681941531.94083881,90404553,2,0.6875032186508179,-0.014398915693163872,0.013143014162778854,0.7259196043014526
1681941532.04080296,90504517,2,0.6875847578048706,-0.014349482022225857,0.013146898709237576,0.7258432507514954
1681941532.14083576,90604550,2,0.687656581401825,-0.014360323548316956,0.013159803114831448,0.7257747650146484
1681941532.24076796,90704482,2,0.6877288818359375,-0.014431027695536613,0.013223516754806042,0.7257037162780762
1681941532.34078383,90804498,2,0.6877449154853821,-0.014422696083784103,0.01320311427116394,0.7256890535354614
1681941532.44075489,90904469,2,0.6877553462982178,-0.014459647238254547,0.013248182833194733,0.7256776094436646
1681941532.54075289,91004467,2,0.6877391934394836,-0.014516586437821388,0.01324631180614233,0.7256918549537659
1681941532.64076686,91104481,2,0.6877033114433289,-0.014567343518137932,0.013272618874907494,0.7257243394851685
1681941532.74084496,91204559,2,0.6876609325408936,-0.014639144763350487,0.013315072283148766,0.7257622480392456
1681941532.84082079,91304535,2,0.6876375675201416,-0.014645776711404324,0.013357105664908886,0.7257834672927856
1681941532.94079280,91404507,2,0.68761146068573,-0.014653288759291172,0.013355898670852184,0.7258080840110779
1681941533.04084086,91504555,2,0.687576413154602,-0.014694062061607838,0.013380160555243492,0.7258399724960327
1681941533.14077687,91604491,2,0.687504768371582,-0.0146719329059124,0.01335656363517046,0.7259087562561035
1681941533.24078393,91704498,2,0.6874101758003235,-0.01470043882727623,0.013334473595023155,0.7259981632232666
1681941533.34075499,91804469,2,0.6873106956481934,-0.01466806884855032,0.013359717093408108,0.726092517375946
1681941533.44076180,91904476,2,0.6872798800468445,-0.014659595675766468,0.013365104794502258,0.7261217832565308
1681941533.54075193,92004466,2,0.6872141361236572,-0.014614570885896683,0.013320333324372768,0.7261857390403748
1681941533.64082980,92104544,2,0.6871994733810425,-0.014517774805426598,0.013287506066262722,0.7262021899223328
1681941533.74082780,92204542,2,0.6871675848960876,-0.014468960464000702,0.013238975778222084,0.7262341380119324
1681941533.84079790,92304512,2,0.687144935131073,-0.014514666981995106,0.013232959434390068,0.7262548208236694
1681941533.94084096,92404555,2,0.6870896816253662,-0.014527775347232819,0.013207514770328999,0.7263072729110718
1681941534.04077482,92504489,2,0.6870365142822266,-0.014532179571688175,0.013168984092772007,0.72635817527771
1681941534.14079285,92604507,2,0.687008798122406,-0.014503422193229198,0.01315961591899395,0.7263851761817932
1681941534.24077296,92704487,2,0.6869975924491882,-0.014493314549326897,0.01316220685839653,0.7263959050178528
1681941534.34075999,92804474,2,0.6870020627975464,-0.014477051794528961,0.013113023713231087,0.7263928651809692
1681941534.44077682,92904491,2,0.6869924068450928,-0.014498220756649971,0.013146505691111088,0.7264009714126587
1681941534.54085684,93004571,2,0.687024712562561,-0.0144576421007514,0.013210122473537922,0.726370096206665
1681941534.64080596,93104520,2,0.6870519518852234,-0.014425194822251797,0.013188261538743973,0.7263453602790833
1681941534.74080992,93204524,2,0.6870635747909546,-0.01441174279898405,0.01314561441540718,0.7263354063034058
1681941534.84084487,93304559,2,0.6870346069335938,-0.014346492476761341,0.0131210433319211,0.7263645529747009
1681941534.94076490,93404479,2,0.6869617700576782,-0.014331270940601826,0.013172255828976631,0.7264328598976135
1681941535.04079199,93504506,2,0.6869209408760071,-0.014320248737931252,0.01319124549627304,0.7264712452888489
1681941535.14075994,93604474,2,0.686860978603363,-0.014327041804790497,0.013177034445106983,0.7265281081199646
1681941535.24075294,93704467,2,0.6868285536766052,-0.014325015246868134,0.013154219835996628,0.7265592217445374
1681941535.34076095,93804475,2,0.686808705329895,-0.014253589324653149,0.013132679276168346,0.7265797853469849
1681941535.44083476,93904549,2,0.6867767572402954,-0.014233443886041641,0.01313074678182602,0.7266104221343994
1681941535.54081392,94004528,2,0.6867964863777161,-0.014223089441657066,0.01307319849729538,0.7265929579734802
1681941535.64080787,94104522,2,0.6868342161178589,-0.01422846969217062,0.013024776242673397,0.7265580892562866
1681941535.74083996,94204554,2,0.6868438124656677,-0.014285759069025517,0.013006042689085007,0.7265481948852539
1681941535.84076595,94304480,2,0.6868075728416443,-0.014245755970478058,0.01300336979329586,0.7265833020210266
1681941535.94078588,94404500,2,0.6867859363555908,-0.014231530018150806,0.012993985787034035,0.7266042232513428
1681941536.04075980,94504474,2,0.6867578625679016,-0.014188257046043873,0.013038159348070621,0.7266308069229126
1681941536.14075780,94604472,2,0.68672114610672,-0.014131054282188416,0.013020195998251438,0.7266669273376465
1681941536.24075890,94704473,2,0.6866494417190552,-0.014135808683931828,0.013049093075096607,0.7267341017723083
1681941536.34082699,94804541,2,0.6866241097450256,-0.014130905270576477,0.01309635117650032,0.726757287979126
1681941536.44081879,94904533,2,0.6866406202316284,-0.01411164179444313,0.013080243021249771,0.7267423868179321
1681941536.54079795,95004512,2,0.6866478323936462,-0.014150761999189854,0.013174035586416721,0.7267330884933472
1681941536.64083576,95104550,2,0.6866756081581116,-0.014152110554277897,0.013170668855309486,0.726706862449646
1681941536.74076986,95204484,2,0.6867452263832092,-0.014143538661301136,0.013200607150793076,0.7266407012939453
1681941536.84079599,95304510,2,0.6867702603340149,-0.014156084507703781,0.013264990411698818,0.7266156077384949
1681941536.94075799,95404472,2,0.6867640018463135,-0.014207123778760433,0.013310499489307404,0.7266197204589844
1681941537.04076481,95504479,2,0.6867561340332031,-0.014215550385415554,0.013353091664612293,0.7266262173652649
1681941537.14075685,95604471,2,0.6867576241493225,-0.014171229675412178,0.013336899690330029,0.726625919342041
1681941537.24083591,95704550,2,0.6867324113845825,-0.014132228679955006,0.01339242048561573,0.7266495227813721
1681941537.34082484,95804539,2,0.6866992115974426,-0.014174221083521843,0.013434497639536858,0.726679265499115
1681941537.44080377,95904518,2,0.6867316365242004,-0.014158734120428562,0.013426250778138638,0.7266491055488586
1681941537.54083991,96004554,2,0.6867339015007019,-0.014227434992790222,0.013489488512277603,0.7266444563865662
1681941537.64076591,96104480,2,0.68672776222229,-0.014172658324241638,0.013448081910610199,0.7266520857810974
1681941537.74078894,96204503,2,0.68681401014328,-0.014202135615050793,0.01338405441492796,0.7265712022781372
1681941537.84075999,96304474,2,0.686818540096283,-0.01419456023722887,0.01337334606796503,0.7265672087669373
1681941537.94075179,96404466,2,0.6867860555648804,-0.014190243557095528,0.013292058371007442,0.7265995144844055
1681941538.04075480,96504469,2,0.6867732405662537,-0.014190750196576118,0.013314766809344292,0.7266111969947815
1681941538.14083290,96604547,2,0.686710000038147,-0.014192268252372742,0.013245631009340286,0.7266722321510315
1681941538.24082685,96704541,2,0.6866772770881653,-0.014236858114600182,0.01328477542847395,0.726701557636261
1681941538.34080195,96804516,2,0.6865936517715454,-0.014154131524264812,0.013198654167354107,0.7267837524414062
1681941538.44083190,96904546,2,0.6865375638008118,-0.014158714562654495,0.013202667236328125,0.7268365621566772
1681941538.54077077,97004485,2,0.6864655613899231,-0.014131376519799232,0.013105739839375019,0.7269068360328674
1681941538.64077187,97104486,2,0.6864417791366577,-0.014160197228193283,0.013117394410073757,0.7269285917282104
1681941538.74075580,97204470,2,0.6863510012626648,-0.014055316336452961,0.012985128909349442,0.7270187139511108
1681941538.84075689,97304471,2,0.6862943172454834,-0.014100045897066593,0.012965469621121883,0.7270716428756714
1681941538.94075680,97404471,2,0.6862426996231079,-0.014117005281150341,0.012933404184877872,0.7271206378936768
1681941539.04082489,97504539,2,0.6862311959266663,-0.014067154377698898,0.012878691777586937,0.7271333932876587
1681941539.14082980,97604544,2,0.6861709356307983,-0.014129185117781162,0.012877026572823524,0.7271891236305237
1681941539.24079680,97704511,2,0.6861302256584167,-0.014111231081187725,0.012808688916265965,0.7272290587425232
1681941539.34083581,97804550,2,0.6861027479171753,-0.01414683647453785,0.012805534526705742,0.7272543907165527
1681941539.44077277,97904487,2,0.6860677003860474,-0.014162742532789707,0.012735164724290371,0.7272883653640747
1681941539.54078579,98004500,2,0.6860540509223938,-0.014196563512086868,0.012774147093296051,0.7272999286651611
1681941539.64075089,98104465,2,0.6860383749008179,-0.014227845706045628,0.012782661244273186,0.7273139357566833
1681941539.74076390,98204478,2,0.6860182881355286,-0.014204641804099083,0.01281687431037426,0.7273327112197876
1681941539.84076381,98304478,2,0.6859593987464905,-0.014215038157999516,0.012814831919968128,0.7273880839347839
1681941539.94082689,98404541,2,0.6858943700790405,-0.01419935841113329,0.012850804254412651,0.7274490594863892
1681941540.04080796,98504522,2,0.6857842803001404,-0.014225130900740623,0.012857388705015182,0.7275522351264954
1681941540.14079690,98604511,2,0.685652494430542,-0.014273076318204403,0.012853671796619892,0.7276755571365356
1681941540.24083686,98704551,2,0.6855688691139221,-0.014303462579846382,0.012905407696962357,0.7277528047561646
1681941540.34076977,98804484,2,0.6855237483978271,-0.014339267276227474,0.012943229638040066,0.7277939319610596
1681941540.44078493,98904499,2,0.6854939460754395,-0.014356214553117752,0.012946235947310925,0.7278216481208801
1681941540.54076290,99004477,2,0.6855020523071289,-0.01448787935078144,0.01307195145636797,0.7278091907501221
1681941540.64075089,99104465,2,0.685480535030365,-0.014461461454629898,0.013054918497800827,0.7278302907943726
1681941540.74079490,99204509,2,0.6855319142341614,-0.014547226019203663,0.013148084282875061,0.7277784943580627
1681941540.84083486,99304549,2,0.6854329109191895,-0.014560539275407791,0.013107690960168839,0.7278721928596497
1681941540.94081688,99404531,2,0.6854184865951538,-0.014682760462164879,0.013292103074491024,0.7278799414634705
1681941541.04080081,99504515,2,0.6853973269462585,-0.014641723595559597,0.013306784443557262,0.7279004454612732
1681941541.14083791,99604552,2,0.685394287109375,-0.014694692566990852,0.013333640061318874,0.7279017567634583
1681941541.24076796,99704482,2,0.685376763343811,-0.014728414826095104,0.013370810076594353,0.7279168963432312
1681941541.34079194,99804506,2,0.6853790879249573,-0.014806254766881466,0.0133846839889884,0.7279128432273865
1681941541.44077182,99904486,2,0.6853758096694946,-0.01486265379935503,0.013434172607958317,0.7279139161109924
1681941541.54075289,100004467,2,0.6853833198547363,-0.01484466902911663,0.013483041897416115,0.7279062867164612
1681941541.64075685,100104471,2,0.6851516366004944,-0.0150533402338624,0.013640828430652618,0.7281171083450317
1681941541.74085784,100204572,2,0.6853407621383667,-0.014782959595322609,0.01376059278845787,0.7279424071311951
1681941541.84083986,100304554,2,0.6852835416793823,-0.014839904382824898,0.013591445982456207,0.7279983162879944
1681941541.94079781,100404512,2,0.685207724571228,-0.014906569384038448,0.013573841191828251,0.7280686497688293
1681941542.04083395,100504548,2,0.6852026581764221,-0.015069602057337761,0.013715793378651142,0.7280673980712891
1681941542.14076877,100604483,2,0.6851823329925537,-0.014882704243063927,0.013617446646094322,0.7280921936035156
